"regime","rep","fp","tp","num_de","num_capped","num_boundary","num_failed","num_genes"
"baseline",1,4,15,15,22,3,0,300
"baseline",2,0,15,15,45,2,0,300
"baseline",3,2,15,15,29,1,0,300
"baseline",4,3,15,15,33,0,0,300
"baseline",5,2,15,15,37,1,0,300
"baseline",6,3,15,15,33,2,0,300
"baseline",7,2,15,15,31,2,0,300
"baseline",8,0,15,15,43,2,0,300
"baseline",9,5,15,15,32,3,0,300
"baseline",10,0,15,15,38,1,0,300
"generate_null",1,0,9,10,27,2,0,300
"generate_null",2,0,6,10,21,4,0,300
"generate_null",3,0,8,10,19,1,0,300
"generate_null",4,0,9,10,23,2,0,300
"generate_null",5,0,7,10,20,0,0,300
"generate_null",6,1,8,10,26,3,0,300
"generate_null",7,0,8,10,23,3,0,300
"generate_null",8,0,7,10,18,4,0,300
"generate_null",9,0,9,10,17,2,0,300
"generate_null",10,0,10,10,22,4,0,300
"low_count",1,0,8,30,79,5,0,300
"low_count",2,1,10,30,67,14,0,300
"low_count",3,0,11,30,65,4,0,300
"low_count",4,0,13,30,74,10,0,300
"low_count",5,0,19,30,77,10,0,300
"low_count",6,1,14,30,60,6,0,300
"low_count",7,0,12,30,58,4,0,300
"low_count",8,2,13,30,61,10,0,300
"low_count",9,2,10,30,64,8,0,300
"low_count",10,0,9,30,70,5,0,300
"minimal_design",1,1,15,15,30,0,0,300
"minimal_design",2,1,15,15,26,1,0,300
"minimal_design",3,5,15,15,33,1,0,300
"minimal_design",4,1,15,15,22,1,0,300
"minimal_design",5,1,15,15,27,0,0,300
"minimal_design",6,0,15,15,20,0,0,300
"minimal_design",7,0,15,15,33,2,0,300
"minimal_design",8,1,15,15,27,2,0,300
"minimal_design",9,6,15,15,20,1,0,300
"minimal_design",10,0,15,15,37,3,0,300
"near_poisson",1,1,15,15,294,142,0,300
"near_poisson",2,8,15,15,284,141,0,300
"near_poisson",3,3,15,15,291,146,0,300
"near_poisson",4,1,15,15,282,159,0,300
"near_poisson",5,1,15,15,285,140,0,300
"near_poisson",6,0,15,15,286,153,0,300
"near_poisson",7,0,15,15,290,148,0,300
"near_poisson",8,0,15,15,282,141,0,300
"near_poisson",9,0,15,15,290,128,0,300
"near_poisson",10,4,15,15,280,144,0,300
"null",1,1,0,0,33,1,0,300
"null",2,0,0,0,29,1,0,300
"null",3,0,0,0,29,2,0,300
"null",4,0,0,0,29,1,0,300
"null",5,1,0,0,42,3,0,300
"null",6,0,0,0,44,2,0,300
"null",7,0,0,0,44,2,0,300
"null",8,0,0,0,34,2,0,300
"null",9,0,0,0,35,2,0,300
"null",10,0,0,0,27,3,0,300
"strong_de",1,5,15,15,38,1,0,300
"strong_de",2,0,15,15,30,2,0,300
"strong_de",3,1,15,15,30,0,0,300
"strong_de",4,0,15,15,34,3,0,300
"strong_de",5,0,14,15,46,1,0,300
"strong_de",6,1,15,15,29,1,0,300
"strong_de",7,1,15,15,36,2,0,300
"strong_de",8,0,15,15,36,3,0,300
"strong_de",9,2,15,15,36,1,0,300
"strong_de",10,1,13,15,38,0,0,300
"trend",1,0,21,30,127,31,0,300
"trend",2,2,23,30,144,35,0,300
"trend",3,1,21,30,130,38,0,300
"trend",4,1,21,30,120,33,0,300
"trend",5,1,17,30,139,33,0,300
"trend",6,1,20,30,152,50,0,300
"trend",7,1,22,30,123,29,0,300
"trend",8,0,22,30,129,29,0,300
"trend",9,0,24,30,136,35,0,300
"trend",10,3,26,30,160,38,0,300
"weak_de",1,4,23,30,32,2,0,300
"weak_de",2,0,15,30,35,1,0,300
"weak_de",3,2,23,30,39,1,0,300
"weak_de",4,0,13,30,28,0,0,300
"weak_de",5,2,19,30,30,2,0,300
"weak_de",6,0,11,30,42,2,0,300
"weak_de",7,1,9,30,34,1,0,300
"weak_de",8,1,22,30,35,0,0,300
"weak_de",9,0,26,30,26,1,0,300
"weak_de",10,2,18,30,35,2,0,300
"wide_rate",1,0,15,30,151,47,0,300
"wide_rate",2,0,8,30,145,41,0,300
"wide_rate",3,2,17,30,150,47,0,300
"wide_rate",4,0,22,30,154,54,0,300
"wide_rate",5,4,24,30,148,50,0,300
"wide_rate",6,1,14,30,143,49,0,300
"wide_rate",7,0,22,30,166,59,0,300
"wide_rate",8,0,21,30,144,44,0,300
"wide_rate",9,1,21,30,128,36,0,300
"wide_rate",10,2,22,30,149,51,0,300
