"candidate","regime","geometric_mean","rescaled_q01","rescaled_q50","rescaled_q99","rescaled_max"
"master","null",4.6466,0.36485,1.0058,3.1781,5.3188
"master","baseline",4.7083,0.36292,0.99006,3.1442,4.6998
"master","weak_de",4.5715,0.36599,0.98833,2.8835,5.4738
"master","low_count",0.48921,0.22345,1.0323,4.1635,7.5522
"master","wide_rate",4.0128,0.19811,1.0282,3.484,5.7924
"master","trend",2.0765,0.096286,1.0629,7.7187,12.209
"master","near_poisson",5.0011,0.34854,1.0121,3.2176,7.1459
"master","generate_null",0.39445,0.024629,1.3691,15.451,40.27
"mle","null",10.77,0.21847,0.88275,16.249,1396400
"mle","baseline",10.9,0.20839,0.88836,10.853,1103000
"mle","weak_de",10.786,0.21565,0.88667,19.274,1357800
"mle","low_count",1.8281,0.10277,0.69864,1514400,6518500
"mle","wide_rate",122.85,0.0060288,0.17736,215130,430970
"mle","trend",40.901,0.030484,0.26323,253150,478790
"mle","near_poisson",19383,0.00057232,0.042248,1830.1,3696.5
"mle","generate_null",0.71154,0.013664,1.0831,146.32,29182000
"cap_10s","null",9.4065,0.24665,0.99631,4.055,5.2893
"cap_10s","baseline",9.6478,0.24141,1.0045,4.0473,5.5138
"cap_10s","weak_de",9.5662,0.24612,0.98921,4.1795,5.9591
"cap_10s","low_count",1.1228,0.16889,1.011,4.8923,6.329
"cap_10s","wide_rate",10.544,0.074998,1.2501,4.2892,5.5893
"cap_10s","trend",5.8866,0.18604,1.1297,4.6091,8.1451
"cap_10s","near_poisson",21.357,0.42328,1.0024,2.281,2.7153
"cap_10s","generate_null",0.60738,0.015652,1.2474,26.625,46.792
