"candidate","regime","rep","fp","tp","num_de"
"master","null",1,0,0,0
"master","null",2,0,0,0
"master","null",3,0,0,0
"master","null",4,0,0,0
"master","null",5,2,0,0
"master","null",6,0,0,0
"master","null",7,0,0,0
"master","null",8,0,0,0
"master","null",9,0,0,0
"master","null",10,0,0,0
"master","baseline",1,3,15,15
"master","baseline",2,0,15,15
"master","baseline",3,2,15,15
"master","baseline",4,3,15,15
"master","baseline",5,2,15,15
"master","baseline",6,3,15,15
"master","baseline",7,1,15,15
"master","baseline",8,0,15,15
"master","baseline",9,4,15,15
"master","baseline",10,0,15,15
"master","weak_de",1,4,23,30
"master","weak_de",2,0,13,30
"master","weak_de",3,1,23,30
"master","weak_de",4,0,16,30
"master","weak_de",5,1,20,30
"master","weak_de",6,0,16,30
"master","weak_de",7,1,10,30
"master","weak_de",8,4,21,30
"master","weak_de",9,0,25,30
"master","weak_de",10,0,15,30
"master","low_count",1,0,12,30
"master","low_count",2,0,9,30
"master","low_count",3,0,14,30
"master","low_count",4,0,13,30
"master","low_count",5,1,13,30
"master","low_count",6,1,17,30
"master","low_count",7,0,10,30
"master","low_count",8,3,13,30
"master","low_count",9,0,10,30
"master","low_count",10,1,12,30
"master","wide_rate",1,0,16,30
"master","wide_rate",2,0,4,30
"master","wide_rate",3,2,21,30
"master","wide_rate",4,1,22,30
"master","wide_rate",5,5,25,30
"master","wide_rate",6,1,14,30
"master","wide_rate",7,0,21,30
"master","wide_rate",8,0,20,30
"master","wide_rate",9,1,24,30
"master","wide_rate",10,2,22,30
"master","trend",1,0,21,30
"master","trend",2,6,22,30
"master","trend",3,1,19,30
"master","trend",4,3,21,30
"master","trend",5,4,18,30
"master","trend",6,1,16,30
"master","trend",7,0,21,30
"master","trend",8,4,21,30
"master","trend",9,0,22,30
"master","trend",10,4,26,30
"master","near_poisson",1,2,15,15
"master","near_poisson",2,8,15,15
"master","near_poisson",3,3,15,15
"master","near_poisson",4,3,15,15
"master","near_poisson",5,1,15,15
"master","near_poisson",6,0,15,15
"master","near_poisson",7,1,15,15
"master","near_poisson",8,1,15,15
"master","near_poisson",9,1,15,15
"master","near_poisson",10,6,15,15
"master","generate_null",1,0,9,10
"master","generate_null",2,0,6,10
"master","generate_null",3,0,10,10
"master","generate_null",4,2,9,10
"master","generate_null",5,0,10,10
"master","generate_null",6,0,7,10
"master","generate_null",7,0,10,10
"master","generate_null",8,0,8,10
"master","generate_null",9,0,9,10
"master","generate_null",10,0,10,10
"mle","null",1,4,0,0
"mle","null",2,1,0,0
"mle","null",3,4,0,0
"mle","null",4,1,0,0
"mle","null",5,4,0,0
"mle","null",6,3,0,0
"mle","null",7,2,0,0
"mle","null",8,5,0,0
"mle","null",9,1,0,0
"mle","null",10,2,0,0
"mle","baseline",1,7,15,15
"mle","baseline",2,2,15,15
"mle","baseline",3,5,15,15
"mle","baseline",4,3,15,15
"mle","baseline",5,5,15,15
"mle","baseline",6,5,15,15
"mle","baseline",7,4,15,15
"mle","baseline",8,4,15,15
"mle","baseline",9,3,15,15
"mle","baseline",10,0,15,15
"mle","weak_de",1,7,22,30
"mle","weak_de",2,1,14,30
"mle","weak_de",3,6,23,30
"mle","weak_de",4,0,13,30
"mle","weak_de",5,4,19,30
"mle","weak_de",6,2,9,30
"mle","weak_de",7,2,9,30
"mle","weak_de",8,5,21,30
"mle","weak_de",9,2,26,30
"mle","weak_de",10,6,19,30
"mle","low_count",1,3,8,30
"mle","low_count",2,13,12,30
"mle","low_count",3,7,13,30
"mle","low_count",4,9,21,30
"mle","low_count",5,11,21,30
"mle","low_count",6,7,14,30
"mle","low_count",7,3,13,30
"mle","low_count",8,13,16,30
"mle","low_count",9,11,15,30
"mle","low_count",10,8,12,30
"mle","wide_rate",1,44,22,30
"mle","wide_rate",2,35,13,30
"mle","wide_rate",3,30,21,30
"mle","wide_rate",4,44,26,30
"mle","wide_rate",5,38,25,30
"mle","wide_rate",6,41,17,30
"mle","wide_rate",7,36,6,30
"mle","wide_rate",8,34,22,30
"mle","wide_rate",9,31,23,30
"mle","wide_rate",10,45,26,30
"mle","trend",1,32,25,30
"mle","trend",2,34,26,30
"mle","trend",3,31,11,30
"mle","trend",4,24,15,30
"mle","trend",5,25,23,30
"mle","trend",6,32,11,30
"mle","trend",7,26,27,30
"mle","trend",8,24,25,30
"mle","trend",9,32,29,30
"mle","trend",10,27,12,30
"mle","near_poisson",1,2,4,15
"mle","near_poisson",2,90,15,15
"mle","near_poisson",3,4,7,15
"mle","near_poisson",4,49,15,15
"mle","near_poisson",5,107,15,15
"mle","near_poisson",6,46,11,15
"mle","near_poisson",7,69,15,15
"mle","near_poisson",8,93,15,15
"mle","near_poisson",9,95,15,15
"mle","near_poisson",10,78,15,15
"mle","generate_null",1,4,9,10
"mle","generate_null",2,4,6,10
"mle","generate_null",3,4,8,10
"mle","generate_null",4,5,9,10
"mle","generate_null",5,0,7,10
"mle","generate_null",6,5,8,10
"mle","generate_null",7,2,9,10
"mle","generate_null",8,4,7,10
"mle","generate_null",9,3,9,10
"mle","generate_null",10,7,10,10
"cap_10s","null",1,1,0,0
"cap_10s","null",2,0,0,0
"cap_10s","null",3,0,0,0
"cap_10s","null",4,0,0,0
"cap_10s","null",5,1,0,0
"cap_10s","null",6,0,0,0
"cap_10s","null",7,0,0,0
"cap_10s","null",8,0,0,0
"cap_10s","null",9,0,0,0
"cap_10s","null",10,0,0,0
"cap_10s","baseline",1,4,15,15
"cap_10s","baseline",2,0,15,15
"cap_10s","baseline",3,2,15,15
"cap_10s","baseline",4,3,15,15
"cap_10s","baseline",5,2,15,15
"cap_10s","baseline",6,3,15,15
"cap_10s","baseline",7,2,15,15
"cap_10s","baseline",8,0,15,15
"cap_10s","baseline",9,5,15,15
"cap_10s","baseline",10,0,15,15
"cap_10s","weak_de",1,4,23,30
"cap_10s","weak_de",2,0,15,30
"cap_10s","weak_de",3,2,23,30
"cap_10s","weak_de",4,0,13,30
"cap_10s","weak_de",5,2,19,30
"cap_10s","weak_de",6,0,11,30
"cap_10s","weak_de",7,1,9,30
"cap_10s","weak_de",8,1,22,30
"cap_10s","weak_de",9,0,26,30
"cap_10s","weak_de",10,2,18,30
"cap_10s","low_count",1,0,8,30
"cap_10s","low_count",2,1,10,30
"cap_10s","low_count",3,0,11,30
"cap_10s","low_count",4,0,13,30
"cap_10s","low_count",5,0,19,30
"cap_10s","low_count",6,1,14,30
"cap_10s","low_count",7,0,12,30
"cap_10s","low_count",8,2,13,30
"cap_10s","low_count",9,2,10,30
"cap_10s","low_count",10,0,9,30
"cap_10s","wide_rate",1,0,15,30
"cap_10s","wide_rate",2,0,8,30
"cap_10s","wide_rate",3,2,17,30
"cap_10s","wide_rate",4,0,22,30
"cap_10s","wide_rate",5,4,24,30
"cap_10s","wide_rate",6,1,14,30
"cap_10s","wide_rate",7,0,22,30
"cap_10s","wide_rate",8,0,21,30
"cap_10s","wide_rate",9,1,21,30
"cap_10s","wide_rate",10,2,22,30
"cap_10s","trend",1,0,21,30
"cap_10s","trend",2,2,23,30
"cap_10s","trend",3,1,21,30
"cap_10s","trend",4,1,21,30
"cap_10s","trend",5,1,17,30
"cap_10s","trend",6,1,20,30
"cap_10s","trend",7,1,22,30
"cap_10s","trend",8,0,22,30
"cap_10s","trend",9,0,24,30
"cap_10s","trend",10,3,26,30
"cap_10s","near_poisson",1,1,15,15
"cap_10s","near_poisson",2,8,15,15
"cap_10s","near_poisson",3,3,15,15
"cap_10s","near_poisson",4,1,15,15
"cap_10s","near_poisson",5,1,15,15
"cap_10s","near_poisson",6,0,15,15
"cap_10s","near_poisson",7,0,15,15
"cap_10s","near_poisson",8,0,15,15
"cap_10s","near_poisson",9,0,15,15
"cap_10s","near_poisson",10,4,15,15
"cap_10s","generate_null",1,0,9,10
"cap_10s","generate_null",2,0,6,10
"cap_10s","generate_null",3,0,8,10
"cap_10s","generate_null",4,0,9,10
"cap_10s","generate_null",5,0,7,10
"cap_10s","generate_null",6,1,8,10
"cap_10s","generate_null",7,0,8,10
"cap_10s","generate_null",8,0,7,10
"cap_10s","generate_null",9,0,9,10
"cap_10s","generate_null",10,0,10,10
