"example","gene","rate","loglik_drop","poisson_drop","rate_mle","legacy_cap","proposed_cap","rate_true_fit_units","pearson"
"strongly overdispersed","gene268",0.2,-496.53,-36.933,5.9058,8.0877,32.378,6.8646,1.5902
"strongly overdispersed","gene268",0.21984,-465.35,-36.933,5.9058,8.0877,32.378,6.8646,1.5902
"strongly overdispersed","gene268",0.24166,-435.11,-36.933,5.9058,8.0877,32.378,6.8646,1.5902
"strongly overdispersed","gene268",0.26564,-405.86,-36.933,5.9058,8.0877,32.378,6.8646,1.5902
"strongly overdispersed","gene268",0.29199,-377.6,-36.933,5.9058,8.0877,32.378,6.8646,1.5902
"strongly overdispersed","gene268",0.32097,-350.36,-36.933,5.9058,8.0877,32.378,6.8646,1.5902
"strongly overdispersed","gene268",0.35281,-324.15,-36.933,5.9058,8.0877,32.378,6.8646,1.5902
"strongly overdispersed","gene268",0.38782,-299,-36.933,5.9058,8.0877,32.378,6.8646,1.5902
"strongly overdispersed","gene268",0.4263,-274.91,-36.933,5.9058,8.0877,32.378,6.8646,1.5902
"strongly overdispersed","gene268",0.4686,-251.9,-36.933,5.9058,8.0877,32.378,6.8646,1.5902
"strongly overdispersed","gene268",0.5151,-229.98,-36.933,5.9058,8.0877,32.378,6.8646,1.5902
"strongly overdispersed","gene268",0.56621,-209.15,-36.933,5.9058,8.0877,32.378,6.8646,1.5902
"strongly overdispersed","gene268",0.62239,-189.42,-36.933,5.9058,8.0877,32.378,6.8646,1.5902
"strongly overdispersed","gene268",0.68414,-170.79,-36.933,5.9058,8.0877,32.378,6.8646,1.5902
"strongly overdispersed","gene268",0.75203,-153.24,-36.933,5.9058,8.0877,32.378,6.8646,1.5902
"strongly overdispersed","gene268",0.82664,-136.78,-36.933,5.9058,8.0877,32.378,6.8646,1.5902
"strongly overdispersed","gene268",0.90867,-121.41,-36.933,5.9058,8.0877,32.378,6.8646,1.5902
"strongly overdispersed","gene268",0.99883,-107.09,-36.933,5.9058,8.0877,32.378,6.8646,1.5902
"strongly overdispersed","gene268",1.0979,-93.833,-36.933,5.9058,8.0877,32.378,6.8646,1.5902
"strongly overdispersed","gene268",1.2069,-81.604,-36.933,5.9058,8.0877,32.378,6.8646,1.5902
"strongly overdispersed","gene268",1.3266,-70.385,-36.933,5.9058,8.0877,32.378,6.8646,1.5902
"strongly overdispersed","gene268",1.4583,-60.152,-36.933,5.9058,8.0877,32.378,6.8646,1.5902
"strongly overdispersed","gene268",1.6029,-50.877,-36.933,5.9058,8.0877,32.378,6.8646,1.5902
"strongly overdispersed","gene268",1.762,-42.528,-36.933,5.9058,8.0877,32.378,6.8646,1.5902
"strongly overdispersed","gene268",1.9368,-35.072,-36.933,5.9058,8.0877,32.378,6.8646,1.5902
"strongly overdispersed","gene268",2.129,-28.473,-36.933,5.9058,8.0877,32.378,6.8646,1.5902
"strongly overdispersed","gene268",2.3403,-22.69,-36.933,5.9058,8.0877,32.378,6.8646,1.5902
"strongly overdispersed","gene268",2.5725,-17.683,-36.933,5.9058,8.0877,32.378,6.8646,1.5902
"strongly overdispersed","gene268",2.8277,-13.408,-36.933,5.9058,8.0877,32.378,6.8646,1.5902
"strongly overdispersed","gene268",3.1083,-9.8212,-36.933,5.9058,8.0877,32.378,6.8646,1.5902
"strongly overdispersed","gene268",3.4167,-6.8749,-36.933,5.9058,8.0877,32.378,6.8646,1.5902
"strongly overdispersed","gene268",3.7557,-4.5224,-36.933,5.9058,8.0877,32.378,6.8646,1.5902
"strongly overdispersed","gene268",4.1284,-2.7159,-36.933,5.9058,8.0877,32.378,6.8646,1.5902
"strongly overdispersed","gene268",4.538,-1.4075,-36.933,5.9058,8.0877,32.378,6.8646,1.5902
"strongly overdispersed","gene268",4.9883,-0.54964,-36.933,5.9058,8.0877,32.378,6.8646,1.5902
"strongly overdispersed","gene268",5.4832,-0.095688,-36.933,5.9058,8.0877,32.378,6.8646,1.5902
"strongly overdispersed","gene268",6.0273,0,-36.933,5.9058,8.0877,32.378,6.8646,1.5902
"strongly overdispersed","gene268",6.6253,-0.21852,-36.933,5.9058,8.0877,32.378,6.8646,1.5902
"strongly overdispersed","gene268",7.2827,-0.70905,-36.933,5.9058,8.0877,32.378,6.8646,1.5902
"strongly overdispersed","gene268",8.0053,-1.4316,-36.933,5.9058,8.0877,32.378,6.8646,1.5902
"strongly overdispersed","gene268",8.7997,-2.3486,-36.933,5.9058,8.0877,32.378,6.8646,1.5902
"strongly overdispersed","gene268",9.6728,-3.425,-36.933,5.9058,8.0877,32.378,6.8646,1.5902
"strongly overdispersed","gene268",10.633,-4.6286,-36.933,5.9058,8.0877,32.378,6.8646,1.5902
"strongly overdispersed","gene268",11.688,-5.93,-36.933,5.9058,8.0877,32.378,6.8646,1.5902
"strongly overdispersed","gene268",12.847,-7.3028,-36.933,5.9058,8.0877,32.378,6.8646,1.5902
"strongly overdispersed","gene268",14.122,-8.7232,-36.933,5.9058,8.0877,32.378,6.8646,1.5902
"strongly overdispersed","gene268",15.523,-10.17,-36.933,5.9058,8.0877,32.378,6.8646,1.5902
"strongly overdispersed","gene268",17.063,-11.626,-36.933,5.9058,8.0877,32.378,6.8646,1.5902
"strongly overdispersed","gene268",18.757,-13.076,-36.933,5.9058,8.0877,32.378,6.8646,1.5902
"strongly overdispersed","gene268",20.618,-14.505,-36.933,5.9058,8.0877,32.378,6.8646,1.5902
"strongly overdispersed","gene268",22.663,-15.903,-36.933,5.9058,8.0877,32.378,6.8646,1.5902
"strongly overdispersed","gene268",24.912,-17.261,-36.933,5.9058,8.0877,32.378,6.8646,1.5902
"strongly overdispersed","gene268",27.384,-18.572,-36.933,5.9058,8.0877,32.378,6.8646,1.5902
"strongly overdispersed","gene268",30.101,-19.832,-36.933,5.9058,8.0877,32.378,6.8646,1.5902
"strongly overdispersed","gene268",33.088,-21.035,-36.933,5.9058,8.0877,32.378,6.8646,1.5902
"strongly overdispersed","gene268",36.371,-22.18,-36.933,5.9058,8.0877,32.378,6.8646,1.5902
"strongly overdispersed","gene268",39.98,-23.264,-36.933,5.9058,8.0877,32.378,6.8646,1.5902
"strongly overdispersed","gene268",43.947,-24.288,-36.933,5.9058,8.0877,32.378,6.8646,1.5902
"strongly overdispersed","gene268",48.307,-25.252,-36.933,5.9058,8.0877,32.378,6.8646,1.5902
"strongly overdispersed","gene268",53.1,-26.155,-36.933,5.9058,8.0877,32.378,6.8646,1.5902
"strongly overdispersed","gene268",58.369,-27.001,-36.933,5.9058,8.0877,32.378,6.8646,1.5902
"strongly overdispersed","gene268",64.161,-27.79,-36.933,5.9058,8.0877,32.378,6.8646,1.5902
"strongly overdispersed","gene268",70.527,-28.525,-36.933,5.9058,8.0877,32.378,6.8646,1.5902
"strongly overdispersed","gene268",77.525,-29.208,-36.933,5.9058,8.0877,32.378,6.8646,1.5902
"strongly overdispersed","gene268",85.217,-29.842,-36.933,5.9058,8.0877,32.378,6.8646,1.5902
"strongly overdispersed","gene268",93.673,-30.428,-36.933,5.9058,8.0877,32.378,6.8646,1.5902
"strongly overdispersed","gene268",102.97,-30.971,-36.933,5.9058,8.0877,32.378,6.8646,1.5902
"strongly overdispersed","gene268",113.18,-31.471,-36.933,5.9058,8.0877,32.378,6.8646,1.5902
"strongly overdispersed","gene268",124.41,-31.933,-36.933,5.9058,8.0877,32.378,6.8646,1.5902
"strongly overdispersed","gene268",136.76,-32.358,-36.933,5.9058,8.0877,32.378,6.8646,1.5902
"strongly overdispersed","gene268",150.33,-32.749,-36.933,5.9058,8.0877,32.378,6.8646,1.5902
"strongly overdispersed","gene268",165.24,-33.109,-36.933,5.9058,8.0877,32.378,6.8646,1.5902
"strongly overdispersed","gene268",181.64,-33.439,-36.933,5.9058,8.0877,32.378,6.8646,1.5902
"strongly overdispersed","gene268",199.66,-33.741,-36.933,5.9058,8.0877,32.378,6.8646,1.5902
"strongly overdispersed","gene268",219.48,-34.019,-36.933,5.9058,8.0877,32.378,6.8646,1.5902
"strongly overdispersed","gene268",241.25,-34.273,-36.933,5.9058,8.0877,32.378,6.8646,1.5902
"strongly overdispersed","gene268",265.19,-34.506,-36.933,5.9058,8.0877,32.378,6.8646,1.5902
"strongly overdispersed","gene268",291.5,-34.719,-36.933,5.9058,8.0877,32.378,6.8646,1.5902
"strongly overdispersed","gene268",320.43,-34.914,-36.933,5.9058,8.0877,32.378,6.8646,1.5902
"strongly overdispersed","gene268",352.22,-35.092,-36.933,5.9058,8.0877,32.378,6.8646,1.5902
"strongly overdispersed","gene268",387.17,-35.255,-36.933,5.9058,8.0877,32.378,6.8646,1.5902
"strongly overdispersed","gene268",425.59,-35.403,-36.933,5.9058,8.0877,32.378,6.8646,1.5902
"strongly overdispersed","gene268",467.81,-35.539,-36.933,5.9058,8.0877,32.378,6.8646,1.5902
"strongly overdispersed","gene268",514.23,-35.663,-36.933,5.9058,8.0877,32.378,6.8646,1.5902
"strongly overdispersed","gene268",565.25,-35.776,-36.933,5.9058,8.0877,32.378,6.8646,1.5902
"strongly overdispersed","gene268",621.34,-35.879,-36.933,5.9058,8.0877,32.378,6.8646,1.5902
"strongly overdispersed","gene268",682.99,-35.973,-36.933,5.9058,8.0877,32.378,6.8646,1.5902
"strongly overdispersed","gene268",750.76,-36.059,-36.933,5.9058,8.0877,32.378,6.8646,1.5902
"strongly overdispersed","gene268",825.25,-36.137,-36.933,5.9058,8.0877,32.378,6.8646,1.5902
"strongly overdispersed","gene268",907.14,-36.208,-36.933,5.9058,8.0877,32.378,6.8646,1.5902
"strongly overdispersed","gene268",997.15,-36.273,-36.933,5.9058,8.0877,32.378,6.8646,1.5902
"strongly overdispersed","gene268",1096.1,-36.332,-36.933,5.9058,8.0877,32.378,6.8646,1.5902
"strongly overdispersed","gene268",1204.8,-36.386,-36.933,5.9058,8.0877,32.378,6.8646,1.5902
"strongly overdispersed","gene268",1324.4,-36.435,-36.933,5.9058,8.0877,32.378,6.8646,1.5902
"strongly overdispersed","gene268",1455.8,-36.48,-36.933,5.9058,8.0877,32.378,6.8646,1.5902
"strongly overdispersed","gene268",1600.3,-36.52,-36.933,5.9058,8.0877,32.378,6.8646,1.5902
"strongly overdispersed","gene268",1759,-36.557,-36.933,5.9058,8.0877,32.378,6.8646,1.5902
"strongly overdispersed","gene268",1933.6,-36.591,-36.933,5.9058,8.0877,32.378,6.8646,1.5902
"strongly overdispersed","gene268",2125.4,-36.622,-36.933,5.9058,8.0877,32.378,6.8646,1.5902
"strongly overdispersed","gene268",2336.3,-36.65,-36.933,5.9058,8.0877,32.378,6.8646,1.5902
"strongly overdispersed","gene268",2568.1,-36.675,-36.933,5.9058,8.0877,32.378,6.8646,1.5902
"strongly overdispersed","gene268",2823,-36.699,-36.933,5.9058,8.0877,32.378,6.8646,1.5902
"strongly overdispersed","gene268",3103.1,-36.72,-36.933,5.9058,8.0877,32.378,6.8646,1.5902
"strongly overdispersed","gene268",3411,-36.739,-36.933,5.9058,8.0877,32.378,6.8646,1.5902
"strongly overdispersed","gene268",3749.4,-36.756,-36.933,5.9058,8.0877,32.378,6.8646,1.5902
"strongly overdispersed","gene268",4121.4,-36.772,-36.933,5.9058,8.0877,32.378,6.8646,1.5902
"strongly overdispersed","gene268",4530.4,-36.787,-36.933,5.9058,8.0877,32.378,6.8646,1.5902
"strongly overdispersed","gene268",4979.9,-36.8,-36.933,5.9058,8.0877,32.378,6.8646,1.5902
"strongly overdispersed","gene268",5474,-36.812,-36.933,5.9058,8.0877,32.378,6.8646,1.5902
"strongly overdispersed","gene268",6017.2,-36.823,-36.933,5.9058,8.0877,32.378,6.8646,1.5902
"strongly overdispersed","gene268",6614.2,-36.833,-36.933,5.9058,8.0877,32.378,6.8646,1.5902
"strongly overdispersed","gene268",7270.5,-36.842,-36.933,5.9058,8.0877,32.378,6.8646,1.5902
"strongly overdispersed","gene268",7991.9,-36.85,-36.933,5.9058,8.0877,32.378,6.8646,1.5902
"strongly overdispersed","gene268",8784.9,-36.858,-36.933,5.9058,8.0877,32.378,6.8646,1.5902
"strongly overdispersed","gene268",9656.5,-36.864,-36.933,5.9058,8.0877,32.378,6.8646,1.5902
"strongly overdispersed","gene268",10615,-36.871,-36.933,5.9058,8.0877,32.378,6.8646,1.5902
"strongly overdispersed","gene268",11668,-36.876,-36.933,5.9058,8.0877,32.378,6.8646,1.5902
"strongly overdispersed","gene268",12826,-36.881,-36.933,5.9058,8.0877,32.378,6.8646,1.5902
"strongly overdispersed","gene268",14098,-36.886,-36.933,5.9058,8.0877,32.378,6.8646,1.5902
"strongly overdispersed","gene268",15497,-36.89,-36.933,5.9058,8.0877,32.378,6.8646,1.5902
"strongly overdispersed","gene268",17035,-36.894,-36.933,5.9058,8.0877,32.378,6.8646,1.5902
"strongly overdispersed","gene268",18725,-36.898,-36.933,5.9058,8.0877,32.378,6.8646,1.5902
"strongly overdispersed","gene268",20583,-36.901,-36.933,5.9058,8.0877,32.378,6.8646,1.5902
"strongly overdispersed","gene268",22625,-36.904,-36.933,5.9058,8.0877,32.378,6.8646,1.5902
"strongly overdispersed","gene268",24870,-36.906,-36.933,5.9058,8.0877,32.378,6.8646,1.5902
"strongly overdispersed","gene268",27338,-36.909,-36.933,5.9058,8.0877,32.378,6.8646,1.5902
"strongly overdispersed","gene268",30050,-36.911,-36.933,5.9058,8.0877,32.378,6.8646,1.5902
"strongly overdispersed","gene268",33032,-36.913,-36.933,5.9058,8.0877,32.378,6.8646,1.5902
"strongly overdispersed","gene268",36310,-36.915,-36.933,5.9058,8.0877,32.378,6.8646,1.5902
"strongly overdispersed","gene268",39913,-36.916,-36.933,5.9058,8.0877,32.378,6.8646,1.5902
"strongly overdispersed","gene268",43873,-36.918,-36.933,5.9058,8.0877,32.378,6.8646,1.5902
"strongly overdispersed","gene268",48226,-36.919,-36.933,5.9058,8.0877,32.378,6.8646,1.5902
"strongly overdispersed","gene268",53011,-36.921,-36.933,5.9058,8.0877,32.378,6.8646,1.5902
"strongly overdispersed","gene268",58271,-36.922,-36.933,5.9058,8.0877,32.378,6.8646,1.5902
"strongly overdispersed","gene268",64053,-36.923,-36.933,5.9058,8.0877,32.378,6.8646,1.5902
"strongly overdispersed","gene268",70408,-36.924,-36.933,5.9058,8.0877,32.378,6.8646,1.5902
"strongly overdispersed","gene268",77395,-36.924,-36.933,5.9058,8.0877,32.378,6.8646,1.5902
"strongly overdispersed","gene268",85074,-36.925,-36.933,5.9058,8.0877,32.378,6.8646,1.5902
"strongly overdispersed","gene268",93515,-36.926,-36.933,5.9058,8.0877,32.378,6.8646,1.5902
"strongly overdispersed","gene268",102790,-36.927,-36.933,5.9058,8.0877,32.378,6.8646,1.5902
"strongly overdispersed","gene268",112990,-36.927,-36.933,5.9058,8.0877,32.378,6.8646,1.5902
"strongly overdispersed","gene268",124210,-36.928,-36.933,5.9058,8.0877,32.378,6.8646,1.5902
"strongly overdispersed","gene268",136530,-36.928,-36.933,5.9058,8.0877,32.378,6.8646,1.5902
"strongly overdispersed","gene268",150080,-36.929,-36.933,5.9058,8.0877,32.378,6.8646,1.5902
"strongly overdispersed","gene268",164970,-36.929,-36.933,5.9058,8.0877,32.378,6.8646,1.5902
"strongly overdispersed","gene268",181340,-36.929,-36.933,5.9058,8.0877,32.378,6.8646,1.5902
"strongly overdispersed","gene268",199330,-36.93,-36.933,5.9058,8.0877,32.378,6.8646,1.5902
"strongly overdispersed","gene268",219110,-36.93,-36.933,5.9058,8.0877,32.378,6.8646,1.5902
"strongly overdispersed","gene268",240850,-36.93,-36.933,5.9058,8.0877,32.378,6.8646,1.5902
"strongly overdispersed","gene268",264740,-36.931,-36.933,5.9058,8.0877,32.378,6.8646,1.5902
"strongly overdispersed","gene268",291010,-36.931,-36.933,5.9058,8.0877,32.378,6.8646,1.5902
"strongly overdispersed","gene268",319890,-36.931,-36.933,5.9058,8.0877,32.378,6.8646,1.5902
"strongly overdispersed","gene268",351630,-36.931,-36.933,5.9058,8.0877,32.378,6.8646,1.5902
"strongly overdispersed","gene268",386520,-36.931,-36.933,5.9058,8.0877,32.378,6.8646,1.5902
"strongly overdispersed","gene268",424870,-36.931,-36.933,5.9058,8.0877,32.378,6.8646,1.5902
"strongly overdispersed","gene268",467030,-36.932,-36.933,5.9058,8.0877,32.378,6.8646,1.5902
"strongly overdispersed","gene268",513370,-36.932,-36.933,5.9058,8.0877,32.378,6.8646,1.5902
"strongly overdispersed","gene268",564310,-36.932,-36.933,5.9058,8.0877,32.378,6.8646,1.5902
"strongly overdispersed","gene268",620300,-36.932,-36.933,5.9058,8.0877,32.378,6.8646,1.5902
"strongly overdispersed","gene268",681850,-36.932,-36.933,5.9058,8.0877,32.378,6.8646,1.5902
"strongly overdispersed","gene268",749500,-36.932,-36.933,5.9058,8.0877,32.378,6.8646,1.5902
"strongly overdispersed","gene268",823870,-36.932,-36.933,5.9058,8.0877,32.378,6.8646,1.5902
"strongly overdispersed","gene268",905610,-36.932,-36.933,5.9058,8.0877,32.378,6.8646,1.5902
"strongly overdispersed","gene268",995470,-36.932,-36.933,5.9058,8.0877,32.378,6.8646,1.5902
"strongly overdispersed","gene268",1094200,-36.932,-36.933,5.9058,8.0877,32.378,6.8646,1.5902
"strongly overdispersed","gene268",1202800,-36.932,-36.933,5.9058,8.0877,32.378,6.8646,1.5902
"strongly overdispersed","gene268",1322200,-36.933,-36.933,5.9058,8.0877,32.378,6.8646,1.5902
"strongly overdispersed","gene268",1453400,-36.933,-36.933,5.9058,8.0877,32.378,6.8646,1.5902
"strongly overdispersed","gene268",1597600,-36.933,-36.933,5.9058,8.0877,32.378,6.8646,1.5902
"strongly overdispersed","gene268",1756100,-36.933,-36.933,5.9058,8.0877,32.378,6.8646,1.5902
"strongly overdispersed","gene268",1930300,-36.933,-36.933,5.9058,8.0877,32.378,6.8646,1.5902
"strongly overdispersed","gene268",2121900,-36.933,-36.933,5.9058,8.0877,32.378,6.8646,1.5902
"strongly overdispersed","gene268",2332400,-36.933,-36.933,5.9058,8.0877,32.378,6.8646,1.5902
"strongly overdispersed","gene268",2563800,-36.933,-36.933,5.9058,8.0877,32.378,6.8646,1.5902
"strongly overdispersed","gene268",2818200,-36.933,-36.933,5.9058,8.0877,32.378,6.8646,1.5902
"strongly overdispersed","gene268",3097800,-36.933,-36.933,5.9058,8.0877,32.378,6.8646,1.5902
"strongly overdispersed","gene268",3405200,-36.933,-36.933,5.9058,8.0877,32.378,6.8646,1.5902
"strongly overdispersed","gene268",3743100,-36.933,-36.933,5.9058,8.0877,32.378,6.8646,1.5902
"strongly overdispersed","gene268",4114500,-36.933,-36.933,5.9058,8.0877,32.378,6.8646,1.5902
"strongly overdispersed","gene268",4522800,-36.933,-36.933,5.9058,8.0877,32.378,6.8646,1.5902
"strongly overdispersed","gene268",4971500,-36.933,-36.933,5.9058,8.0877,32.378,6.8646,1.5902
"strongly overdispersed","gene268",5464800,-36.933,-36.933,5.9058,8.0877,32.378,6.8646,1.5902
"strongly overdispersed","gene268",6007000,-36.933,-36.933,5.9058,8.0877,32.378,6.8646,1.5902
"strongly overdispersed","gene268",6603100,-36.933,-36.933,5.9058,8.0877,32.378,6.8646,1.5902
"strongly overdispersed","gene268",7258300,-36.933,-36.933,5.9058,8.0877,32.378,6.8646,1.5902
"strongly overdispersed","gene268",7978500,-36.933,-36.933,5.9058,8.0877,32.378,6.8646,1.5902
"strongly overdispersed","gene268",8770100,-36.933,-36.933,5.9058,8.0877,32.378,6.8646,1.5902
"strongly overdispersed","gene268",9640300,-36.933,-36.933,5.9058,8.0877,32.378,6.8646,1.5902
"strongly overdispersed","gene268",10597000,-36.933,-36.933,5.9058,8.0877,32.378,6.8646,1.5902
"strongly overdispersed","gene268",11648000,-36.933,-36.933,5.9058,8.0877,32.378,6.8646,1.5902
"strongly overdispersed","gene268",12804000,-36.933,-36.933,5.9058,8.0877,32.378,6.8646,1.5902
"strongly overdispersed","gene268",14075000,-36.933,-36.933,5.9058,8.0877,32.378,6.8646,1.5902
"strongly overdispersed","gene268",15471000,-36.933,-36.933,5.9058,8.0877,32.378,6.8646,1.5902
"strongly overdispersed","gene268",17006000,-36.933,-36.933,5.9058,8.0877,32.378,6.8646,1.5902
"strongly overdispersed","gene268",18694000,-36.933,-36.933,5.9058,8.0877,32.378,6.8646,1.5902
"strongly overdispersed","gene268",20548000,-36.933,-36.933,5.9058,8.0877,32.378,6.8646,1.5902
"strongly overdispersed","gene268",22587000,-36.933,-36.933,5.9058,8.0877,32.378,6.8646,1.5902
"strongly overdispersed","gene268",24828000,-36.933,-36.933,5.9058,8.0877,32.378,6.8646,1.5902
"strongly overdispersed","gene268",27292000,-36.933,-36.933,5.9058,8.0877,32.378,6.8646,1.5902
"strongly overdispersed","gene268",3e+07,-36.933,-36.933,5.9058,8.0877,32.378,6.8646,1.5902
"typical","gene228",0.2,-578.77,-7.1914,14.435,6.3663,32.096,18.532,1.2197
"typical","gene228",0.21984,-545.74,-7.1914,14.435,6.3663,32.096,18.532,1.2197
"typical","gene228",0.24166,-513.66,-7.1914,14.435,6.3663,32.096,18.532,1.2197
"typical","gene228",0.26564,-482.54,-7.1914,14.435,6.3663,32.096,18.532,1.2197
"typical","gene228",0.29199,-452.41,-7.1914,14.435,6.3663,32.096,18.532,1.2197
"typical","gene228",0.32097,-423.28,-7.1914,14.435,6.3663,32.096,18.532,1.2197
"typical","gene228",0.35281,-395.17,-7.1914,14.435,6.3663,32.096,18.532,1.2197
"typical","gene228",0.38782,-368.1,-7.1914,14.435,6.3663,32.096,18.532,1.2197
"typical","gene228",0.4263,-342.08,-7.1914,14.435,6.3663,32.096,18.532,1.2197
"typical","gene228",0.4686,-317.12,-7.1914,14.435,6.3663,32.096,18.532,1.2197
"typical","gene228",0.5151,-293.22,-7.1914,14.435,6.3663,32.096,18.532,1.2197
"typical","gene228",0.56621,-270.39,-7.1914,14.435,6.3663,32.096,18.532,1.2197
"typical","gene228",0.62239,-248.63,-7.1914,14.435,6.3663,32.096,18.532,1.2197
"typical","gene228",0.68414,-227.94,-7.1914,14.435,6.3663,32.096,18.532,1.2197
"typical","gene228",0.75203,-208.32,-7.1914,14.435,6.3663,32.096,18.532,1.2197
"typical","gene228",0.82664,-189.77,-7.1914,14.435,6.3663,32.096,18.532,1.2197
"typical","gene228",0.90867,-172.27,-7.1914,14.435,6.3663,32.096,18.532,1.2197
"typical","gene228",0.99883,-155.81,-7.1914,14.435,6.3663,32.096,18.532,1.2197
"typical","gene228",1.0979,-140.38,-7.1914,14.435,6.3663,32.096,18.532,1.2197
"typical","gene228",1.2069,-125.96,-7.1914,14.435,6.3663,32.096,18.532,1.2197
"typical","gene228",1.3266,-112.54,-7.1914,14.435,6.3663,32.096,18.532,1.2197
"typical","gene228",1.4583,-100.08,-7.1914,14.435,6.3663,32.096,18.532,1.2197
"typical","gene228",1.6029,-88.574,-7.1914,14.435,6.3663,32.096,18.532,1.2197
"typical","gene228",1.762,-77.98,-7.1914,14.435,6.3663,32.096,18.532,1.2197
"typical","gene228",1.9368,-68.272,-7.1914,14.435,6.3663,32.096,18.532,1.2197
"typical","gene228",2.129,-59.416,-7.1914,14.435,6.3663,32.096,18.532,1.2197
"typical","gene228",2.3403,-51.377,-7.1914,14.435,6.3663,32.096,18.532,1.2197
"typical","gene228",2.5725,-44.117,-7.1914,14.435,6.3663,32.096,18.532,1.2197
"typical","gene228",2.8277,-37.597,-7.1914,14.435,6.3663,32.096,18.532,1.2197
"typical","gene228",3.1083,-31.776,-7.1914,14.435,6.3663,32.096,18.532,1.2197
"typical","gene228",3.4167,-26.612,-7.1914,14.435,6.3663,32.096,18.532,1.2197
"typical","gene228",3.7557,-22.062,-7.1914,14.435,6.3663,32.096,18.532,1.2197
"typical","gene228",4.1284,-18.084,-7.1914,14.435,6.3663,32.096,18.532,1.2197
"typical","gene228",4.538,-14.632,-7.1914,14.435,6.3663,32.096,18.532,1.2197
"typical","gene228",4.9883,-11.666,-7.1914,14.435,6.3663,32.096,18.532,1.2197
"typical","gene228",5.4832,-9.1415,-7.1914,14.435,6.3663,32.096,18.532,1.2197
"typical","gene228",6.0273,-7.018,-7.1914,14.435,6.3663,32.096,18.532,1.2197
"typical","gene228",6.6253,-5.2555,-7.1914,14.435,6.3663,32.096,18.532,1.2197
"typical","gene228",7.2827,-3.8158,-7.1914,14.435,6.3663,32.096,18.532,1.2197
"typical","gene228",8.0053,-2.6624,-7.1914,14.435,6.3663,32.096,18.532,1.2197
"typical","gene228",8.7997,-1.7611,-7.1914,14.435,6.3663,32.096,18.532,1.2197
"typical","gene228",9.6728,-1.0799,-7.1914,14.435,6.3663,32.096,18.532,1.2197
"typical","gene228",10.633,-0.58927,-7.1914,14.435,6.3663,32.096,18.532,1.2197
"typical","gene228",11.688,-0.26185,-7.1914,14.435,6.3663,32.096,18.532,1.2197
"typical","gene228",12.847,-0.072888,-7.1914,14.435,6.3663,32.096,18.532,1.2197
"typical","gene228",14.122,0,-7.1914,14.435,6.3663,32.096,18.532,1.2197
"typical","gene228",15.523,-0.023129,-7.1914,14.435,6.3663,32.096,18.532,1.2197
"typical","gene228",17.063,-0.12447,-7.1914,14.435,6.3663,32.096,18.532,1.2197
"typical","gene228",18.757,-0.28833,-7.1914,14.435,6.3663,32.096,18.532,1.2197
"typical","gene228",20.618,-0.50105,-7.1914,14.435,6.3663,32.096,18.532,1.2197
"typical","gene228",22.663,-0.7508,-7.1914,14.435,6.3663,32.096,18.532,1.2197
"typical","gene228",24.912,-1.0274,-7.1914,14.435,6.3663,32.096,18.532,1.2197
"typical","gene228",27.384,-1.3224,-7.1914,14.435,6.3663,32.096,18.532,1.2197
"typical","gene228",30.101,-1.6284,-7.1914,14.435,6.3663,32.096,18.532,1.2197
"typical","gene228",33.088,-1.9396,-7.1914,14.435,6.3663,32.096,18.532,1.2197
"typical","gene228",36.371,-2.251,-7.1914,14.435,6.3663,32.096,18.532,1.2197
"typical","gene228",39.98,-2.5588,-7.1914,14.435,6.3663,32.096,18.532,1.2197
"typical","gene228",43.947,-2.8598,-7.1914,14.435,6.3663,32.096,18.532,1.2197
"typical","gene228",48.307,-3.1516,-7.1914,14.435,6.3663,32.096,18.532,1.2197
"typical","gene228",53.1,-3.4325,-7.1914,14.435,6.3663,32.096,18.532,1.2197
"typical","gene228",58.369,-3.7011,-7.1914,14.435,6.3663,32.096,18.532,1.2197
"typical","gene228",64.161,-3.9567,-7.1914,14.435,6.3663,32.096,18.532,1.2197
"typical","gene228",70.527,-4.1986,-7.1914,14.435,6.3663,32.096,18.532,1.2197
"typical","gene228",77.525,-4.4267,-7.1914,14.435,6.3663,32.096,18.532,1.2197
"typical","gene228",85.217,-4.641,-7.1914,14.435,6.3663,32.096,18.532,1.2197
"typical","gene228",93.673,-4.8417,-7.1914,14.435,6.3663,32.096,18.532,1.2197
"typical","gene228",102.97,-5.029,-7.1914,14.435,6.3663,32.096,18.532,1.2197
"typical","gene228",113.18,-5.2035,-7.1914,14.435,6.3663,32.096,18.532,1.2197
"typical","gene228",124.41,-5.3657,-7.1914,14.435,6.3663,32.096,18.532,1.2197
"typical","gene228",136.76,-5.5161,-7.1914,14.435,6.3663,32.096,18.532,1.2197
"typical","gene228",150.33,-5.6553,-7.1914,14.435,6.3663,32.096,18.532,1.2197
"typical","gene228",165.24,-5.7839,-7.1914,14.435,6.3663,32.096,18.532,1.2197
"typical","gene228",181.64,-5.9026,-7.1914,14.435,6.3663,32.096,18.532,1.2197
"typical","gene228",199.66,-6.012,-7.1914,14.435,6.3663,32.096,18.532,1.2197
"typical","gene228",219.48,-6.1126,-7.1914,14.435,6.3663,32.096,18.532,1.2197
"typical","gene228",241.25,-6.2052,-7.1914,14.435,6.3663,32.096,18.532,1.2197
"typical","gene228",265.19,-6.2902,-7.1914,14.435,6.3663,32.096,18.532,1.2197
"typical","gene228",291.5,-6.3682,-7.1914,14.435,6.3663,32.096,18.532,1.2197
"typical","gene228",320.43,-6.4398,-7.1914,14.435,6.3663,32.096,18.532,1.2197
"typical","gene228",352.22,-6.5053,-7.1914,14.435,6.3663,32.096,18.532,1.2197
"typical","gene228",387.17,-6.5653,-7.1914,14.435,6.3663,32.096,18.532,1.2197
"typical","gene228",425.59,-6.6203,-7.1914,14.435,6.3663,32.096,18.532,1.2197
"typical","gene228",467.81,-6.6705,-7.1914,14.435,6.3663,32.096,18.532,1.2197
"typical","gene228",514.23,-6.7164,-7.1914,14.435,6.3663,32.096,18.532,1.2197
"typical","gene228",565.25,-6.7584,-7.1914,14.435,6.3663,32.096,18.532,1.2197
"typical","gene228",621.34,-6.7967,-7.1914,14.435,6.3663,32.096,18.532,1.2197
"typical","gene228",682.99,-6.8317,-7.1914,14.435,6.3663,32.096,18.532,1.2197
"typical","gene228",750.76,-6.8637,-7.1914,14.435,6.3663,32.096,18.532,1.2197
"typical","gene228",825.25,-6.8928,-7.1914,14.435,6.3663,32.096,18.532,1.2197
"typical","gene228",907.14,-6.9194,-7.1914,14.435,6.3663,32.096,18.532,1.2197
"typical","gene228",997.15,-6.9437,-7.1914,14.435,6.3663,32.096,18.532,1.2197
"typical","gene228",1096.1,-6.9658,-7.1914,14.435,6.3663,32.096,18.532,1.2197
"typical","gene228",1204.8,-6.986,-7.1914,14.435,6.3663,32.096,18.532,1.2197
"typical","gene228",1324.4,-7.0043,-7.1914,14.435,6.3663,32.096,18.532,1.2197
"typical","gene228",1455.8,-7.0211,-7.1914,14.435,6.3663,32.096,18.532,1.2197
"typical","gene228",1600.3,-7.0363,-7.1914,14.435,6.3663,32.096,18.532,1.2197
"typical","gene228",1759,-7.0502,-7.1914,14.435,6.3663,32.096,18.532,1.2197
"typical","gene228",1933.6,-7.0629,-7.1914,14.435,6.3663,32.096,18.532,1.2197
"typical","gene228",2125.4,-7.0744,-7.1914,14.435,6.3663,32.096,18.532,1.2197
"typical","gene228",2336.3,-7.0849,-7.1914,14.435,6.3663,32.096,18.532,1.2197
"typical","gene228",2568.1,-7.0945,-7.1914,14.435,6.3663,32.096,18.532,1.2197
"typical","gene228",2823,-7.1032,-7.1914,14.435,6.3663,32.096,18.532,1.2197
"typical","gene228",3103.1,-7.1111,-7.1914,14.435,6.3663,32.096,18.532,1.2197
"typical","gene228",3411,-7.1184,-7.1914,14.435,6.3663,32.096,18.532,1.2197
"typical","gene228",3749.4,-7.1249,-7.1914,14.435,6.3663,32.096,18.532,1.2197
"typical","gene228",4121.4,-7.1309,-7.1914,14.435,6.3663,32.096,18.532,1.2197
"typical","gene228",4530.4,-7.1364,-7.1914,14.435,6.3663,32.096,18.532,1.2197
"typical","gene228",4979.9,-7.1413,-7.1914,14.435,6.3663,32.096,18.532,1.2197
"typical","gene228",5474,-7.1458,-7.1914,14.435,6.3663,32.096,18.532,1.2197
"typical","gene228",6017.2,-7.1499,-7.1914,14.435,6.3663,32.096,18.532,1.2197
"typical","gene228",6614.2,-7.1537,-7.1914,14.435,6.3663,32.096,18.532,1.2197
"typical","gene228",7270.5,-7.1571,-7.1914,14.435,6.3663,32.096,18.532,1.2197
"typical","gene228",7991.9,-7.1602,-7.1914,14.435,6.3663,32.096,18.532,1.2197
"typical","gene228",8784.9,-7.163,-7.1914,14.435,6.3663,32.096,18.532,1.2197
"typical","gene228",9656.5,-7.1655,-7.1914,14.435,6.3663,32.096,18.532,1.2197
"typical","gene228",10615,-7.1679,-7.1914,14.435,6.3663,32.096,18.532,1.2197
"typical","gene228",11668,-7.17,-7.1914,14.435,6.3663,32.096,18.532,1.2197
"typical","gene228",12826,-7.1719,-7.1914,14.435,6.3663,32.096,18.532,1.2197
"typical","gene228",14098,-7.1737,-7.1914,14.435,6.3663,32.096,18.532,1.2197
"typical","gene228",15497,-7.1753,-7.1914,14.435,6.3663,32.096,18.532,1.2197
"typical","gene228",17035,-7.1767,-7.1914,14.435,6.3663,32.096,18.532,1.2197
"typical","gene228",18725,-7.178,-7.1914,14.435,6.3663,32.096,18.532,1.2197
"typical","gene228",20583,-7.1793,-7.1914,14.435,6.3663,32.096,18.532,1.2197
"typical","gene228",22625,-7.1803,-7.1914,14.435,6.3663,32.096,18.532,1.2197
"typical","gene228",24870,-7.1813,-7.1914,14.435,6.3663,32.096,18.532,1.2197
"typical","gene228",27338,-7.1822,-7.1914,14.435,6.3663,32.096,18.532,1.2197
"typical","gene228",30050,-7.1831,-7.1914,14.435,6.3663,32.096,18.532,1.2197
"typical","gene228",33032,-7.1838,-7.1914,14.435,6.3663,32.096,18.532,1.2197
"typical","gene228",36310,-7.1845,-7.1914,14.435,6.3663,32.096,18.532,1.2197
"typical","gene228",39913,-7.1851,-7.1914,14.435,6.3663,32.096,18.532,1.2197
"typical","gene228",43873,-7.1857,-7.1914,14.435,6.3663,32.096,18.532,1.2197
"typical","gene228",48226,-7.1862,-7.1914,14.435,6.3663,32.096,18.532,1.2197
"typical","gene228",53011,-7.1867,-7.1914,14.435,6.3663,32.096,18.532,1.2197
"typical","gene228",58271,-7.1871,-7.1914,14.435,6.3663,32.096,18.532,1.2197
"typical","gene228",64053,-7.1875,-7.1914,14.435,6.3663,32.096,18.532,1.2197
"typical","gene228",70408,-7.1878,-7.1914,14.435,6.3663,32.096,18.532,1.2197
"typical","gene228",77395,-7.1882,-7.1914,14.435,6.3663,32.096,18.532,1.2197
"typical","gene228",85074,-7.1884,-7.1914,14.435,6.3663,32.096,18.532,1.2197
"typical","gene228",93515,-7.1887,-7.1914,14.435,6.3663,32.096,18.532,1.2197
"typical","gene228",102790,-7.189,-7.1914,14.435,6.3663,32.096,18.532,1.2197
"typical","gene228",112990,-7.1892,-7.1914,14.435,6.3663,32.096,18.532,1.2197
"typical","gene228",124210,-7.1894,-7.1914,14.435,6.3663,32.096,18.532,1.2197
"typical","gene228",136530,-7.1896,-7.1914,14.435,6.3663,32.096,18.532,1.2197
"typical","gene228",150080,-7.1897,-7.1914,14.435,6.3663,32.096,18.532,1.2197
"typical","gene228",164970,-7.1899,-7.1914,14.435,6.3663,32.096,18.532,1.2197
"typical","gene228",181340,-7.19,-7.1914,14.435,6.3663,32.096,18.532,1.2197
"typical","gene228",199330,-7.1901,-7.1914,14.435,6.3663,32.096,18.532,1.2197
"typical","gene228",219110,-7.1902,-7.1914,14.435,6.3663,32.096,18.532,1.2197
"typical","gene228",240850,-7.1903,-7.1914,14.435,6.3663,32.096,18.532,1.2197
"typical","gene228",264740,-7.1904,-7.1914,14.435,6.3663,32.096,18.532,1.2197
"typical","gene228",291010,-7.1905,-7.1914,14.435,6.3663,32.096,18.532,1.2197
"typical","gene228",319890,-7.1906,-7.1914,14.435,6.3663,32.096,18.532,1.2197
"typical","gene228",351630,-7.1907,-7.1914,14.435,6.3663,32.096,18.532,1.2197
"typical","gene228",386520,-7.1907,-7.1914,14.435,6.3663,32.096,18.532,1.2197
"typical","gene228",424870,-7.1908,-7.1914,14.435,6.3663,32.096,18.532,1.2197
"typical","gene228",467030,-7.1909,-7.1914,14.435,6.3663,32.096,18.532,1.2197
"typical","gene228",513370,-7.1909,-7.1914,14.435,6.3663,32.096,18.532,1.2197
"typical","gene228",564310,-7.1909,-7.1914,14.435,6.3663,32.096,18.532,1.2197
"typical","gene228",620300,-7.191,-7.1914,14.435,6.3663,32.096,18.532,1.2197
"typical","gene228",681850,-7.191,-7.1914,14.435,6.3663,32.096,18.532,1.2197
"typical","gene228",749500,-7.1911,-7.1914,14.435,6.3663,32.096,18.532,1.2197
"typical","gene228",823870,-7.1911,-7.1914,14.435,6.3663,32.096,18.532,1.2197
"typical","gene228",905610,-7.1911,-7.1914,14.435,6.3663,32.096,18.532,1.2197
"typical","gene228",995470,-7.1911,-7.1914,14.435,6.3663,32.096,18.532,1.2197
"typical","gene228",1094200,-7.1912,-7.1914,14.435,6.3663,32.096,18.532,1.2197
"typical","gene228",1202800,-7.1912,-7.1914,14.435,6.3663,32.096,18.532,1.2197
"typical","gene228",1322200,-7.1912,-7.1914,14.435,6.3663,32.096,18.532,1.2197
"typical","gene228",1453400,-7.1912,-7.1914,14.435,6.3663,32.096,18.532,1.2197
"typical","gene228",1597600,-7.1912,-7.1914,14.435,6.3663,32.096,18.532,1.2197
"typical","gene228",1756100,-7.1912,-7.1914,14.435,6.3663,32.096,18.532,1.2197
"typical","gene228",1930300,-7.1913,-7.1914,14.435,6.3663,32.096,18.532,1.2197
"typical","gene228",2121900,-7.1913,-7.1914,14.435,6.3663,32.096,18.532,1.2197
"typical","gene228",2332400,-7.1913,-7.1914,14.435,6.3663,32.096,18.532,1.2197
"typical","gene228",2563800,-7.1913,-7.1914,14.435,6.3663,32.096,18.532,1.2197
"typical","gene228",2818200,-7.1913,-7.1914,14.435,6.3663,32.096,18.532,1.2197
"typical","gene228",3097800,-7.1913,-7.1914,14.435,6.3663,32.096,18.532,1.2197
"typical","gene228",3405200,-7.1913,-7.1914,14.435,6.3663,32.096,18.532,1.2197
"typical","gene228",3743100,-7.1913,-7.1914,14.435,6.3663,32.096,18.532,1.2197
"typical","gene228",4114500,-7.1913,-7.1914,14.435,6.3663,32.096,18.532,1.2197
"typical","gene228",4522800,-7.1913,-7.1914,14.435,6.3663,32.096,18.532,1.2197
"typical","gene228",4971500,-7.1913,-7.1914,14.435,6.3663,32.096,18.532,1.2197
"typical","gene228",5464800,-7.1913,-7.1914,14.435,6.3663,32.096,18.532,1.2197
"typical","gene228",6007000,-7.1913,-7.1914,14.435,6.3663,32.096,18.532,1.2197
"typical","gene228",6603100,-7.1913,-7.1914,14.435,6.3663,32.096,18.532,1.2197
"typical","gene228",7258300,-7.1914,-7.1914,14.435,6.3663,32.096,18.532,1.2197
"typical","gene228",7978500,-7.1914,-7.1914,14.435,6.3663,32.096,18.532,1.2197
"typical","gene228",8770100,-7.1914,-7.1914,14.435,6.3663,32.096,18.532,1.2197
"typical","gene228",9640300,-7.1914,-7.1914,14.435,6.3663,32.096,18.532,1.2197
"typical","gene228",10597000,-7.1914,-7.1914,14.435,6.3663,32.096,18.532,1.2197
"typical","gene228",11648000,-7.1914,-7.1914,14.435,6.3663,32.096,18.532,1.2197
"typical","gene228",12804000,-7.1914,-7.1914,14.435,6.3663,32.096,18.532,1.2197
"typical","gene228",14075000,-7.1914,-7.1914,14.435,6.3663,32.096,18.532,1.2197
"typical","gene228",15471000,-7.1914,-7.1914,14.435,6.3663,32.096,18.532,1.2197
"typical","gene228",17006000,-7.1914,-7.1914,14.435,6.3663,32.096,18.532,1.2197
"typical","gene228",18694000,-7.1914,-7.1914,14.435,6.3663,32.096,18.532,1.2197
"typical","gene228",20548000,-7.1914,-7.1914,14.435,6.3663,32.096,18.532,1.2197
"typical","gene228",22587000,-7.1914,-7.1914,14.435,6.3663,32.096,18.532,1.2197
"typical","gene228",24828000,-7.1914,-7.1914,14.435,6.3663,32.096,18.532,1.2197
"typical","gene228",27292000,-7.1914,-7.1914,14.435,6.3663,32.096,18.532,1.2197
"typical","gene228",3e+07,-7.1914,-7.1914,14.435,6.3663,32.096,18.532,1.2197
"weakly overdispersed","gene282",0.2,-592.34,-0.71444,46.028,6.5599,30.836,20.533,1.0644
"weakly overdispersed","gene282",0.21984,-559.92,-0.71444,46.028,6.5599,30.836,20.533,1.0644
"weakly overdispersed","gene282",0.24166,-528.4,-0.71444,46.028,6.5599,30.836,20.533,1.0644
"weakly overdispersed","gene282",0.26564,-497.83,-0.71444,46.028,6.5599,30.836,20.533,1.0644
"weakly overdispersed","gene282",0.29199,-468.2,-0.71444,46.028,6.5599,30.836,20.533,1.0644
"weakly overdispersed","gene282",0.32097,-439.54,-0.71444,46.028,6.5599,30.836,20.533,1.0644
"weakly overdispersed","gene282",0.35281,-411.87,-0.71444,46.028,6.5599,30.836,20.533,1.0644
"weakly overdispersed","gene282",0.38782,-385.19,-0.71444,46.028,6.5599,30.836,20.533,1.0644
"weakly overdispersed","gene282",0.4263,-359.53,-0.71444,46.028,6.5599,30.836,20.533,1.0644
"weakly overdispersed","gene282",0.4686,-334.88,-0.71444,46.028,6.5599,30.836,20.533,1.0644
"weakly overdispersed","gene282",0.5151,-311.25,-0.71444,46.028,6.5599,30.836,20.533,1.0644
"weakly overdispersed","gene282",0.56621,-288.65,-0.71444,46.028,6.5599,30.836,20.533,1.0644
"weakly overdispersed","gene282",0.62239,-267.07,-0.71444,46.028,6.5599,30.836,20.533,1.0644
"weakly overdispersed","gene282",0.68414,-246.52,-0.71444,46.028,6.5599,30.836,20.533,1.0644
"weakly overdispersed","gene282",0.75203,-226.99,-0.71444,46.028,6.5599,30.836,20.533,1.0644
"weakly overdispersed","gene282",0.82664,-208.47,-0.71444,46.028,6.5599,30.836,20.533,1.0644
"weakly overdispersed","gene282",0.90867,-190.96,-0.71444,46.028,6.5599,30.836,20.533,1.0644
"weakly overdispersed","gene282",0.99883,-174.44,-0.71444,46.028,6.5599,30.836,20.533,1.0644
"weakly overdispersed","gene282",1.0979,-158.89,-0.71444,46.028,6.5599,30.836,20.533,1.0644
"weakly overdispersed","gene282",1.2069,-144.31,-0.71444,46.028,6.5599,30.836,20.533,1.0644
"weakly overdispersed","gene282",1.3266,-130.66,-0.71444,46.028,6.5599,30.836,20.533,1.0644
"weakly overdispersed","gene282",1.4583,-117.94,-0.71444,46.028,6.5599,30.836,20.533,1.0644
"weakly overdispersed","gene282",1.6029,-106.1,-0.71444,46.028,6.5599,30.836,20.533,1.0644
"weakly overdispersed","gene282",1.762,-95.133,-0.71444,46.028,6.5599,30.836,20.533,1.0644
"weakly overdispersed","gene282",1.9368,-85.001,-0.71444,46.028,6.5599,30.836,20.533,1.0644
"weakly overdispersed","gene282",2.129,-75.673,-0.71444,46.028,6.5599,30.836,20.533,1.0644
"weakly overdispersed","gene282",2.3403,-67.118,-0.71444,46.028,6.5599,30.836,20.533,1.0644
"weakly overdispersed","gene282",2.5725,-59.301,-0.71444,46.028,6.5599,30.836,20.533,1.0644
"weakly overdispersed","gene282",2.8277,-52.185,-0.71444,46.028,6.5599,30.836,20.533,1.0644
"weakly overdispersed","gene282",3.1083,-45.734,-0.71444,46.028,6.5599,30.836,20.533,1.0644
"weakly overdispersed","gene282",3.4167,-39.909,-0.71444,46.028,6.5599,30.836,20.533,1.0644
"weakly overdispersed","gene282",3.7557,-34.671,-0.71444,46.028,6.5599,30.836,20.533,1.0644
"weakly overdispersed","gene282",4.1284,-29.982,-0.71444,46.028,6.5599,30.836,20.533,1.0644
"weakly overdispersed","gene282",4.538,-25.804,-0.71444,46.028,6.5599,30.836,20.533,1.0644
"weakly overdispersed","gene282",4.9883,-22.096,-0.71444,46.028,6.5599,30.836,20.533,1.0644
"weakly overdispersed","gene282",5.4832,-18.823,-0.71444,46.028,6.5599,30.836,20.533,1.0644
"weakly overdispersed","gene282",6.0273,-15.947,-0.71444,46.028,6.5599,30.836,20.533,1.0644
"weakly overdispersed","gene282",6.6253,-13.431,-0.71444,46.028,6.5599,30.836,20.533,1.0644
"weakly overdispersed","gene282",7.2827,-11.244,-0.71444,46.028,6.5599,30.836,20.533,1.0644
"weakly overdispersed","gene282",8.0053,-9.3504,-0.71444,46.028,6.5599,30.836,20.533,1.0644
"weakly overdispersed","gene282",8.7997,-7.7212,-0.71444,46.028,6.5599,30.836,20.533,1.0644
"weakly overdispersed","gene282",9.6728,-6.3272,-0.71444,46.028,6.5599,30.836,20.533,1.0644
"weakly overdispersed","gene282",10.633,-5.1416,-0.71444,46.028,6.5599,30.836,20.533,1.0644
"weakly overdispersed","gene282",11.688,-4.1396,-0.71444,46.028,6.5599,30.836,20.533,1.0644
"weakly overdispersed","gene282",12.847,-3.2985,-0.71444,46.028,6.5599,30.836,20.533,1.0644
"weakly overdispersed","gene282",14.122,-2.5976,-0.71444,46.028,6.5599,30.836,20.533,1.0644
"weakly overdispersed","gene282",15.523,-2.0183,-0.71444,46.028,6.5599,30.836,20.533,1.0644
"weakly overdispersed","gene282",17.063,-1.5437,-0.71444,46.028,6.5599,30.836,20.533,1.0644
"weakly overdispersed","gene282",18.757,-1.1589,-0.71444,46.028,6.5599,30.836,20.533,1.0644
"weakly overdispersed","gene282",20.618,-0.85041,-0.71444,46.028,6.5599,30.836,20.533,1.0644
"weakly overdispersed","gene282",22.663,-0.60663,-0.71444,46.028,6.5599,30.836,20.533,1.0644
"weakly overdispersed","gene282",24.912,-0.41727,-0.71444,46.028,6.5599,30.836,20.533,1.0644
"weakly overdispersed","gene282",27.384,-0.27336,-0.71444,46.028,6.5599,30.836,20.533,1.0644
"weakly overdispersed","gene282",30.101,-0.16718,-0.71444,46.028,6.5599,30.836,20.533,1.0644
"weakly overdispersed","gene282",33.088,-0.092035,-0.71444,46.028,6.5599,30.836,20.533,1.0644
"weakly overdispersed","gene282",36.371,-0.042237,-0.71444,46.028,6.5599,30.836,20.533,1.0644
"weakly overdispersed","gene282",39.98,-0.012927,-0.71444,46.028,6.5599,30.836,20.533,1.0644
"weakly overdispersed","gene282",43.947,0,-0.71444,46.028,6.5599,30.836,20.533,1.0644
"weakly overdispersed","gene282",48.307,-2.7627e-06,-0.71444,46.028,6.5599,30.836,20.533,1.0644
"weakly overdispersed","gene282",53.1,-0.01005,-0.71444,46.028,6.5599,30.836,20.533,1.0644
"weakly overdispersed","gene282",58.369,-0.027746,-0.71444,46.028,6.5599,30.836,20.533,1.0644
"weakly overdispersed","gene282",64.161,-0.051114,-0.71444,46.028,6.5599,30.836,20.533,1.0644
"weakly overdispersed","gene282",70.527,-0.078536,-0.71444,46.028,6.5599,30.836,20.533,1.0644
"weakly overdispersed","gene282",77.525,-0.1087,-0.71444,46.028,6.5599,30.836,20.533,1.0644
"weakly overdispersed","gene282",85.217,-0.14054,-0.71444,46.028,6.5599,30.836,20.533,1.0644
"weakly overdispersed","gene282",93.673,-0.17322,-0.71444,46.028,6.5599,30.836,20.533,1.0644
"weakly overdispersed","gene282",102.97,-0.20608,-0.71444,46.028,6.5599,30.836,20.533,1.0644
"weakly overdispersed","gene282",113.18,-0.2386,-0.71444,46.028,6.5599,30.836,20.533,1.0644
"weakly overdispersed","gene282",124.41,-0.27038,-0.71444,46.028,6.5599,30.836,20.533,1.0644
"weakly overdispersed","gene282",136.76,-0.30115,-0.71444,46.028,6.5599,30.836,20.533,1.0644
"weakly overdispersed","gene282",150.33,-0.33069,-0.71444,46.028,6.5599,30.836,20.533,1.0644
"weakly overdispersed","gene282",165.24,-0.35885,-0.71444,46.028,6.5599,30.836,20.533,1.0644
"weakly overdispersed","gene282",181.64,-0.38556,-0.71444,46.028,6.5599,30.836,20.533,1.0644
"weakly overdispersed","gene282",199.66,-0.41076,-0.71444,46.028,6.5599,30.836,20.533,1.0644
"weakly overdispersed","gene282",219.48,-0.43444,-0.71444,46.028,6.5599,30.836,20.533,1.0644
"weakly overdispersed","gene282",241.25,-0.45661,-0.71444,46.028,6.5599,30.836,20.533,1.0644
"weakly overdispersed","gene282",265.19,-0.4773,-0.71444,46.028,6.5599,30.836,20.533,1.0644
"weakly overdispersed","gene282",291.5,-0.49656,-0.71444,46.028,6.5599,30.836,20.533,1.0644
"weakly overdispersed","gene282",320.43,-0.51445,-0.71444,46.028,6.5599,30.836,20.533,1.0644
"weakly overdispersed","gene282",352.22,-0.53102,-0.71444,46.028,6.5599,30.836,20.533,1.0644
"weakly overdispersed","gene282",387.17,-0.54635,-0.71444,46.028,6.5599,30.836,20.533,1.0644
"weakly overdispersed","gene282",425.59,-0.56051,-0.71444,46.028,6.5599,30.836,20.533,1.0644
"weakly overdispersed","gene282",467.81,-0.57356,-0.71444,46.028,6.5599,30.836,20.533,1.0644
"weakly overdispersed","gene282",514.23,-0.58557,-0.71444,46.028,6.5599,30.836,20.533,1.0644
"weakly overdispersed","gene282",565.25,-0.59662,-0.71444,46.028,6.5599,30.836,20.533,1.0644
"weakly overdispersed","gene282",621.34,-0.60678,-0.71444,46.028,6.5599,30.836,20.533,1.0644
"weakly overdispersed","gene282",682.99,-0.6161,-0.71444,46.028,6.5599,30.836,20.533,1.0644
"weakly overdispersed","gene282",750.76,-0.62464,-0.71444,46.028,6.5599,30.836,20.533,1.0644
"weakly overdispersed","gene282",825.25,-0.63247,-0.71444,46.028,6.5599,30.836,20.533,1.0644
"weakly overdispersed","gene282",907.14,-0.63964,-0.71444,46.028,6.5599,30.836,20.533,1.0644
"weakly overdispersed","gene282",997.15,-0.64621,-0.71444,46.028,6.5599,30.836,20.533,1.0644
"weakly overdispersed","gene282",1096.1,-0.65221,-0.71444,46.028,6.5599,30.836,20.533,1.0644
"weakly overdispersed","gene282",1204.8,-0.6577,-0.71444,46.028,6.5599,30.836,20.533,1.0644
"weakly overdispersed","gene282",1324.4,-0.66271,-0.71444,46.028,6.5599,30.836,20.533,1.0644
"weakly overdispersed","gene282",1455.8,-0.66729,-0.71444,46.028,6.5599,30.836,20.533,1.0644
"weakly overdispersed","gene282",1600.3,-0.67148,-0.71444,46.028,6.5599,30.836,20.533,1.0644
"weakly overdispersed","gene282",1759,-0.67529,-0.71444,46.028,6.5599,30.836,20.533,1.0644
"weakly overdispersed","gene282",1933.6,-0.67878,-0.71444,46.028,6.5599,30.836,20.533,1.0644
"weakly overdispersed","gene282",2125.4,-0.68195,-0.71444,46.028,6.5599,30.836,20.533,1.0644
"weakly overdispersed","gene282",2336.3,-0.68485,-0.71444,46.028,6.5599,30.836,20.533,1.0644
"weakly overdispersed","gene282",2568.1,-0.68749,-0.71444,46.028,6.5599,30.836,20.533,1.0644
"weakly overdispersed","gene282",2823,-0.6899,-0.71444,46.028,6.5599,30.836,20.533,1.0644
"weakly overdispersed","gene282",3103.1,-0.6921,-0.71444,46.028,6.5599,30.836,20.533,1.0644
"weakly overdispersed","gene282",3411,-0.6941,-0.71444,46.028,6.5599,30.836,20.533,1.0644
"weakly overdispersed","gene282",3749.4,-0.69592,-0.71444,46.028,6.5599,30.836,20.533,1.0644
"weakly overdispersed","gene282",4121.4,-0.69758,-0.71444,46.028,6.5599,30.836,20.533,1.0644
"weakly overdispersed","gene282",4530.4,-0.69909,-0.71444,46.028,6.5599,30.836,20.533,1.0644
"weakly overdispersed","gene282",4979.9,-0.70047,-0.71444,46.028,6.5599,30.836,20.533,1.0644
"weakly overdispersed","gene282",5474,-0.70173,-0.71444,46.028,6.5599,30.836,20.533,1.0644
"weakly overdispersed","gene282",6017.2,-0.70287,-0.71444,46.028,6.5599,30.836,20.533,1.0644
"weakly overdispersed","gene282",6614.2,-0.70391,-0.71444,46.028,6.5599,30.836,20.533,1.0644
"weakly overdispersed","gene282",7270.5,-0.70486,-0.71444,46.028,6.5599,30.836,20.533,1.0644
"weakly overdispersed","gene282",7991.9,-0.70572,-0.71444,46.028,6.5599,30.836,20.533,1.0644
"weakly overdispersed","gene282",8784.9,-0.7065,-0.71444,46.028,6.5599,30.836,20.533,1.0644
"weakly overdispersed","gene282",9656.5,-0.70722,-0.71444,46.028,6.5599,30.836,20.533,1.0644
"weakly overdispersed","gene282",10615,-0.70787,-0.71444,46.028,6.5599,30.836,20.533,1.0644
"weakly overdispersed","gene282",11668,-0.70846,-0.71444,46.028,6.5599,30.836,20.533,1.0644
"weakly overdispersed","gene282",12826,-0.709,-0.71444,46.028,6.5599,30.836,20.533,1.0644
"weakly overdispersed","gene282",14098,-0.70949,-0.71444,46.028,6.5599,30.836,20.533,1.0644
"weakly overdispersed","gene282",15497,-0.70993,-0.71444,46.028,6.5599,30.836,20.533,1.0644
"weakly overdispersed","gene282",17035,-0.71034,-0.71444,46.028,6.5599,30.836,20.533,1.0644
"weakly overdispersed","gene282",18725,-0.71071,-0.71444,46.028,6.5599,30.836,20.533,1.0644
"weakly overdispersed","gene282",20583,-0.71105,-0.71444,46.028,6.5599,30.836,20.533,1.0644
"weakly overdispersed","gene282",22625,-0.71135,-0.71444,46.028,6.5599,30.836,20.533,1.0644
"weakly overdispersed","gene282",24870,-0.71163,-0.71444,46.028,6.5599,30.836,20.533,1.0644
"weakly overdispersed","gene282",27338,-0.71188,-0.71444,46.028,6.5599,30.836,20.533,1.0644
"weakly overdispersed","gene282",30050,-0.71211,-0.71444,46.028,6.5599,30.836,20.533,1.0644
"weakly overdispersed","gene282",33032,-0.71232,-0.71444,46.028,6.5599,30.836,20.533,1.0644
"weakly overdispersed","gene282",36310,-0.71252,-0.71444,46.028,6.5599,30.836,20.533,1.0644
"weakly overdispersed","gene282",39913,-0.71269,-0.71444,46.028,6.5599,30.836,20.533,1.0644
"weakly overdispersed","gene282",43873,-0.71285,-0.71444,46.028,6.5599,30.836,20.533,1.0644
"weakly overdispersed","gene282",48226,-0.71299,-0.71444,46.028,6.5599,30.836,20.533,1.0644
"weakly overdispersed","gene282",53011,-0.71312,-0.71444,46.028,6.5599,30.836,20.533,1.0644
"weakly overdispersed","gene282",58271,-0.71324,-0.71444,46.028,6.5599,30.836,20.533,1.0644
"weakly overdispersed","gene282",64053,-0.71335,-0.71444,46.028,6.5599,30.836,20.533,1.0644
"weakly overdispersed","gene282",70408,-0.71345,-0.71444,46.028,6.5599,30.836,20.533,1.0644
"weakly overdispersed","gene282",77395,-0.71354,-0.71444,46.028,6.5599,30.836,20.533,1.0644
"weakly overdispersed","gene282",85074,-0.71362,-0.71444,46.028,6.5599,30.836,20.533,1.0644
"weakly overdispersed","gene282",93515,-0.71369,-0.71444,46.028,6.5599,30.836,20.533,1.0644
"weakly overdispersed","gene282",102790,-0.71376,-0.71444,46.028,6.5599,30.836,20.533,1.0644
"weakly overdispersed","gene282",112990,-0.71382,-0.71444,46.028,6.5599,30.836,20.533,1.0644
"weakly overdispersed","gene282",124210,-0.71388,-0.71444,46.028,6.5599,30.836,20.533,1.0644
"weakly overdispersed","gene282",136530,-0.71393,-0.71444,46.028,6.5599,30.836,20.533,1.0644
"weakly overdispersed","gene282",150080,-0.71397,-0.71444,46.028,6.5599,30.836,20.533,1.0644
"weakly overdispersed","gene282",164970,-0.71402,-0.71444,46.028,6.5599,30.836,20.533,1.0644
"weakly overdispersed","gene282",181340,-0.71405,-0.71444,46.028,6.5599,30.836,20.533,1.0644
"weakly overdispersed","gene282",199330,-0.71409,-0.71444,46.028,6.5599,30.836,20.533,1.0644
"weakly overdispersed","gene282",219110,-0.71412,-0.71444,46.028,6.5599,30.836,20.533,1.0644
"weakly overdispersed","gene282",240850,-0.71415,-0.71444,46.028,6.5599,30.836,20.533,1.0644
"weakly overdispersed","gene282",264740,-0.71418,-0.71444,46.028,6.5599,30.836,20.533,1.0644
"weakly overdispersed","gene282",291010,-0.7142,-0.71444,46.028,6.5599,30.836,20.533,1.0644
"weakly overdispersed","gene282",319890,-0.71422,-0.71444,46.028,6.5599,30.836,20.533,1.0644
"weakly overdispersed","gene282",351630,-0.71424,-0.71444,46.028,6.5599,30.836,20.533,1.0644
"weakly overdispersed","gene282",386520,-0.71426,-0.71444,46.028,6.5599,30.836,20.533,1.0644
"weakly overdispersed","gene282",424870,-0.71428,-0.71444,46.028,6.5599,30.836,20.533,1.0644
"weakly overdispersed","gene282",467030,-0.71429,-0.71444,46.028,6.5599,30.836,20.533,1.0644
"weakly overdispersed","gene282",513370,-0.7143,-0.71444,46.028,6.5599,30.836,20.533,1.0644
"weakly overdispersed","gene282",564310,-0.71432,-0.71444,46.028,6.5599,30.836,20.533,1.0644
"weakly overdispersed","gene282",620300,-0.71433,-0.71444,46.028,6.5599,30.836,20.533,1.0644
"weakly overdispersed","gene282",681850,-0.71434,-0.71444,46.028,6.5599,30.836,20.533,1.0644
"weakly overdispersed","gene282",749500,-0.71435,-0.71444,46.028,6.5599,30.836,20.533,1.0644
"weakly overdispersed","gene282",823870,-0.71436,-0.71444,46.028,6.5599,30.836,20.533,1.0644
"weakly overdispersed","gene282",905610,-0.71436,-0.71444,46.028,6.5599,30.836,20.533,1.0644
"weakly overdispersed","gene282",995470,-0.71437,-0.71444,46.028,6.5599,30.836,20.533,1.0644
"weakly overdispersed","gene282",1094200,-0.71438,-0.71444,46.028,6.5599,30.836,20.533,1.0644
"weakly overdispersed","gene282",1202800,-0.71438,-0.71444,46.028,6.5599,30.836,20.533,1.0644
"weakly overdispersed","gene282",1322200,-0.71439,-0.71444,46.028,6.5599,30.836,20.533,1.0644
"weakly overdispersed","gene282",1453400,-0.71439,-0.71444,46.028,6.5599,30.836,20.533,1.0644
"weakly overdispersed","gene282",1597600,-0.7144,-0.71444,46.028,6.5599,30.836,20.533,1.0644
"weakly overdispersed","gene282",1756100,-0.7144,-0.71444,46.028,6.5599,30.836,20.533,1.0644
"weakly overdispersed","gene282",1930300,-0.7144,-0.71444,46.028,6.5599,30.836,20.533,1.0644
"weakly overdispersed","gene282",2121900,-0.71441,-0.71444,46.028,6.5599,30.836,20.533,1.0644
"weakly overdispersed","gene282",2332400,-0.71441,-0.71444,46.028,6.5599,30.836,20.533,1.0644
"weakly overdispersed","gene282",2563800,-0.71441,-0.71444,46.028,6.5599,30.836,20.533,1.0644
"weakly overdispersed","gene282",2818200,-0.71442,-0.71444,46.028,6.5599,30.836,20.533,1.0644
"weakly overdispersed","gene282",3097800,-0.71442,-0.71444,46.028,6.5599,30.836,20.533,1.0644
"weakly overdispersed","gene282",3405200,-0.71442,-0.71444,46.028,6.5599,30.836,20.533,1.0644
"weakly overdispersed","gene282",3743100,-0.71442,-0.71444,46.028,6.5599,30.836,20.533,1.0644
"weakly overdispersed","gene282",4114500,-0.71442,-0.71444,46.028,6.5599,30.836,20.533,1.0644
"weakly overdispersed","gene282",4522800,-0.71442,-0.71444,46.028,6.5599,30.836,20.533,1.0644
"weakly overdispersed","gene282",4971500,-0.71443,-0.71444,46.028,6.5599,30.836,20.533,1.0644
"weakly overdispersed","gene282",5464800,-0.71443,-0.71444,46.028,6.5599,30.836,20.533,1.0644
"weakly overdispersed","gene282",6007000,-0.71443,-0.71444,46.028,6.5599,30.836,20.533,1.0644
"weakly overdispersed","gene282",6603100,-0.71443,-0.71444,46.028,6.5599,30.836,20.533,1.0644
"weakly overdispersed","gene282",7258300,-0.71443,-0.71444,46.028,6.5599,30.836,20.533,1.0644
"weakly overdispersed","gene282",7978500,-0.71443,-0.71444,46.028,6.5599,30.836,20.533,1.0644
"weakly overdispersed","gene282",8770100,-0.71443,-0.71444,46.028,6.5599,30.836,20.533,1.0644
"weakly overdispersed","gene282",9640300,-0.71443,-0.71444,46.028,6.5599,30.836,20.533,1.0644
"weakly overdispersed","gene282",10597000,-0.71443,-0.71444,46.028,6.5599,30.836,20.533,1.0644
"weakly overdispersed","gene282",11648000,-0.71443,-0.71444,46.028,6.5599,30.836,20.533,1.0644
"weakly overdispersed","gene282",12804000,-0.71443,-0.71444,46.028,6.5599,30.836,20.533,1.0644
"weakly overdispersed","gene282",14075000,-0.71444,-0.71444,46.028,6.5599,30.836,20.533,1.0644
"weakly overdispersed","gene282",15471000,-0.71443,-0.71444,46.028,6.5599,30.836,20.533,1.0644
"weakly overdispersed","gene282",17006000,-0.71444,-0.71444,46.028,6.5599,30.836,20.533,1.0644
"weakly overdispersed","gene282",18694000,-0.71444,-0.71444,46.028,6.5599,30.836,20.533,1.0644
"weakly overdispersed","gene282",20548000,-0.71444,-0.71444,46.028,6.5599,30.836,20.533,1.0644
"weakly overdispersed","gene282",22587000,-0.71444,-0.71444,46.028,6.5599,30.836,20.533,1.0644
"weakly overdispersed","gene282",24828000,-0.71444,-0.71444,46.028,6.5599,30.836,20.533,1.0644
"weakly overdispersed","gene282",27292000,-0.71444,-0.71444,46.028,6.5599,30.836,20.533,1.0644
"weakly overdispersed","gene282",3e+07,-0.71444,-0.71444,46.028,6.5599,30.836,20.533,1.0644
"at the boundary","gene86",0.2,-255.11,-4.5034e-07,9266200,2.4041,9.4746,6.8294,0.971
"at the boundary","gene86",0.21984,-237.38,-4.5034e-07,9266200,2.4041,9.4746,6.8294,0.971
"at the boundary","gene86",0.24166,-220.42,-4.5034e-07,9266200,2.4041,9.4746,6.8294,0.971
"at the boundary","gene86",0.26564,-204.22,-4.5034e-07,9266200,2.4041,9.4746,6.8294,0.971
"at the boundary","gene86",0.29199,-188.79,-4.5034e-07,9266200,2.4041,9.4746,6.8294,0.971
"at the boundary","gene86",0.32097,-174.13,-4.5034e-07,9266200,2.4041,9.4746,6.8294,0.971
"at the boundary","gene86",0.35281,-160.24,-4.5034e-07,9266200,2.4041,9.4746,6.8294,0.971
"at the boundary","gene86",0.38782,-147.11,-4.5034e-07,9266200,2.4041,9.4746,6.8294,0.971
"at the boundary","gene86",0.4263,-134.73,-4.5034e-07,9266200,2.4041,9.4746,6.8294,0.971
"at the boundary","gene86",0.4686,-123.1,-4.5034e-07,9266200,2.4041,9.4746,6.8294,0.971
"at the boundary","gene86",0.5151,-112.2,-4.5034e-07,9266200,2.4041,9.4746,6.8294,0.971
"at the boundary","gene86",0.56621,-102.02,-4.5034e-07,9266200,2.4041,9.4746,6.8294,0.971
"at the boundary","gene86",0.62239,-92.539,-4.5034e-07,9266200,2.4041,9.4746,6.8294,0.971
"at the boundary","gene86",0.68414,-83.732,-4.5034e-07,9266200,2.4041,9.4746,6.8294,0.971
"at the boundary","gene86",0.75203,-75.579,-4.5034e-07,9266200,2.4041,9.4746,6.8294,0.971
"at the boundary","gene86",0.82664,-68.055,-4.5034e-07,9266200,2.4041,9.4746,6.8294,0.971
"at the boundary","gene86",0.90867,-61.133,-4.5034e-07,9266200,2.4041,9.4746,6.8294,0.971
"at the boundary","gene86",0.99883,-54.786,-4.5034e-07,9266200,2.4041,9.4746,6.8294,0.971
"at the boundary","gene86",1.0979,-48.984,-4.5034e-07,9266200,2.4041,9.4746,6.8294,0.971
"at the boundary","gene86",1.2069,-43.698,-4.5034e-07,9266200,2.4041,9.4746,6.8294,0.971
"at the boundary","gene86",1.3266,-38.896,-4.5034e-07,9266200,2.4041,9.4746,6.8294,0.971
"at the boundary","gene86",1.4583,-34.548,-4.5034e-07,9266200,2.4041,9.4746,6.8294,0.971
"at the boundary","gene86",1.6029,-30.623,-4.5034e-07,9266200,2.4041,9.4746,6.8294,0.971
"at the boundary","gene86",1.762,-27.091,-4.5034e-07,9266200,2.4041,9.4746,6.8294,0.971
"at the boundary","gene86",1.9368,-23.921,-4.5034e-07,9266200,2.4041,9.4746,6.8294,0.971
"at the boundary","gene86",2.129,-21.086,-4.5034e-07,9266200,2.4041,9.4746,6.8294,0.971
"at the boundary","gene86",2.3403,-18.556,-4.5034e-07,9266200,2.4041,9.4746,6.8294,0.971
"at the boundary","gene86",2.5725,-16.306,-4.5034e-07,9266200,2.4041,9.4746,6.8294,0.971
"at the boundary","gene86",2.8277,-14.309,-4.5034e-07,9266200,2.4041,9.4746,6.8294,0.971
"at the boundary","gene86",3.1083,-12.541,-4.5034e-07,9266200,2.4041,9.4746,6.8294,0.971
"at the boundary","gene86",3.4167,-10.98,-4.5034e-07,9266200,2.4041,9.4746,6.8294,0.971
"at the boundary","gene86",3.7557,-9.6045,-4.5034e-07,9266200,2.4041,9.4746,6.8294,0.971
"at the boundary","gene86",4.1284,-8.3952,-4.5034e-07,9266200,2.4041,9.4746,6.8294,0.971
"at the boundary","gene86",4.538,-7.3338,-4.5034e-07,9266200,2.4041,9.4746,6.8294,0.971
"at the boundary","gene86",4.9883,-6.404,-4.5034e-07,9266200,2.4041,9.4746,6.8294,0.971
"at the boundary","gene86",5.4832,-5.5908,-4.5034e-07,9266200,2.4041,9.4746,6.8294,0.971
"at the boundary","gene86",6.0273,-4.8804,-4.5034e-07,9266200,2.4041,9.4746,6.8294,0.971
"at the boundary","gene86",6.6253,-4.2606,-4.5034e-07,9266200,2.4041,9.4746,6.8294,0.971
"at the boundary","gene86",7.2827,-3.7205,-4.5034e-07,9266200,2.4041,9.4746,6.8294,0.971
"at the boundary","gene86",8.0053,-3.2501,-4.5034e-07,9266200,2.4041,9.4746,6.8294,0.971
"at the boundary","gene86",8.7997,-2.8407,-4.5034e-07,9266200,2.4041,9.4746,6.8294,0.971
"at the boundary","gene86",9.6728,-2.4846,-4.5034e-07,9266200,2.4041,9.4746,6.8294,0.971
"at the boundary","gene86",10.633,-2.1749,-4.5034e-07,9266200,2.4041,9.4746,6.8294,0.971
"at the boundary","gene86",11.688,-1.9055,-4.5034e-07,9266200,2.4041,9.4746,6.8294,0.971
"at the boundary","gene86",12.847,-1.6712,-4.5034e-07,9266200,2.4041,9.4746,6.8294,0.971
"at the boundary","gene86",14.122,-1.4674,-4.5034e-07,9266200,2.4041,9.4746,6.8294,0.971
"at the boundary","gene86",15.523,-1.29,-4.5034e-07,9266200,2.4041,9.4746,6.8294,0.971
"at the boundary","gene86",17.063,-1.1355,-4.5034e-07,9266200,2.4041,9.4746,6.8294,0.971
"at the boundary","gene86",18.757,-1.0008,-4.5034e-07,9266200,2.4041,9.4746,6.8294,0.971
"at the boundary","gene86",20.618,-0.88326,-4.5034e-07,9266200,2.4041,9.4746,6.8294,0.971
"at the boundary","gene86",22.663,-0.78064,-4.5034e-07,9266200,2.4041,9.4746,6.8294,0.971
"at the boundary","gene86",24.912,-0.6909,-4.5034e-07,9266200,2.4041,9.4746,6.8294,0.971
"at the boundary","gene86",27.384,-0.61235,-4.5034e-07,9266200,2.4041,9.4746,6.8294,0.971
"at the boundary","gene86",30.101,-0.54349,-4.5034e-07,9266200,2.4041,9.4746,6.8294,0.971
"at the boundary","gene86",33.088,-0.48304,-4.5034e-07,9266200,2.4041,9.4746,6.8294,0.971
"at the boundary","gene86",36.371,-0.4299,-4.5034e-07,9266200,2.4041,9.4746,6.8294,0.971
"at the boundary","gene86",39.98,-0.38312,-4.5034e-07,9266200,2.4041,9.4746,6.8294,0.971
"at the boundary","gene86",43.947,-0.34187,-4.5034e-07,9266200,2.4041,9.4746,6.8294,0.971
"at the boundary","gene86",48.307,-0.30544,-4.5034e-07,9266200,2.4041,9.4746,6.8294,0.971
"at the boundary","gene86",53.1,-0.27323,-4.5034e-07,9266200,2.4041,9.4746,6.8294,0.971
"at the boundary","gene86",58.369,-0.24469,-4.5034e-07,9266200,2.4041,9.4746,6.8294,0.971
"at the boundary","gene86",64.161,-0.21938,-4.5034e-07,9266200,2.4041,9.4746,6.8294,0.971
"at the boundary","gene86",70.527,-0.19689,-4.5034e-07,9266200,2.4041,9.4746,6.8294,0.971
"at the boundary","gene86",77.525,-0.17688,-4.5034e-07,9266200,2.4041,9.4746,6.8294,0.971
"at the boundary","gene86",85.217,-0.15905,-4.5034e-07,9266200,2.4041,9.4746,6.8294,0.971
"at the boundary","gene86",93.673,-0.14315,-4.5034e-07,9266200,2.4041,9.4746,6.8294,0.971
"at the boundary","gene86",102.97,-0.12894,-4.5034e-07,9266200,2.4041,9.4746,6.8294,0.971
"at the boundary","gene86",113.18,-0.11623,-4.5034e-07,9266200,2.4041,9.4746,6.8294,0.971
"at the boundary","gene86",124.41,-0.10485,-4.5034e-07,9266200,2.4041,9.4746,6.8294,0.971
"at the boundary","gene86",136.76,-0.094653,-4.5034e-07,9266200,2.4041,9.4746,6.8294,0.971
"at the boundary","gene86",150.33,-0.085497,-4.5034e-07,9266200,2.4041,9.4746,6.8294,0.971
"at the boundary","gene86",165.24,-0.077272,-4.5034e-07,9266200,2.4041,9.4746,6.8294,0.971
"at the boundary","gene86",181.64,-0.069876,-4.5034e-07,9266200,2.4041,9.4746,6.8294,0.971
"at the boundary","gene86",199.66,-0.063219,-4.5034e-07,9266200,2.4041,9.4746,6.8294,0.971
"at the boundary","gene86",219.48,-0.057223,-4.5034e-07,9266200,2.4041,9.4746,6.8294,0.971
"at the boundary","gene86",241.25,-0.051818,-4.5034e-07,9266200,2.4041,9.4746,6.8294,0.971
"at the boundary","gene86",265.19,-0.046941,-4.5034e-07,9266200,2.4041,9.4746,6.8294,0.971
"at the boundary","gene86",291.5,-0.042539,-4.5034e-07,9266200,2.4041,9.4746,6.8294,0.971
"at the boundary","gene86",320.43,-0.038562,-4.5034e-07,9266200,2.4041,9.4746,6.8294,0.971
"at the boundary","gene86",352.22,-0.034968,-4.5034e-07,9266200,2.4041,9.4746,6.8294,0.971
"at the boundary","gene86",387.17,-0.031718,-4.5034e-07,9266200,2.4041,9.4746,6.8294,0.971
"at the boundary","gene86",425.59,-0.028777,-4.5034e-07,9266200,2.4041,9.4746,6.8294,0.971
"at the boundary","gene86",467.81,-0.026115,-4.5034e-07,9266200,2.4041,9.4746,6.8294,0.971
"at the boundary","gene86",514.23,-0.023704,-4.5034e-07,9266200,2.4041,9.4746,6.8294,0.971
"at the boundary","gene86",565.25,-0.02152,-4.5034e-07,9266200,2.4041,9.4746,6.8294,0.971
"at the boundary","gene86",621.34,-0.019541,-4.5034e-07,9266200,2.4041,9.4746,6.8294,0.971
"at the boundary","gene86",682.99,-0.017747,-4.5034e-07,9266200,2.4041,9.4746,6.8294,0.971
"at the boundary","gene86",750.76,-0.01612,-4.5034e-07,9266200,2.4041,9.4746,6.8294,0.971
"at the boundary","gene86",825.25,-0.014644,-4.5034e-07,9266200,2.4041,9.4746,6.8294,0.971
"at the boundary","gene86",907.14,-0.013305,-4.5034e-07,9266200,2.4041,9.4746,6.8294,0.971
"at the boundary","gene86",997.15,-0.01209,-4.5034e-07,9266200,2.4041,9.4746,6.8294,0.971
"at the boundary","gene86",1096.1,-0.010987,-4.5034e-07,9266200,2.4041,9.4746,6.8294,0.971
"at the boundary","gene86",1204.8,-0.0099853,-4.5034e-07,9266200,2.4041,9.4746,6.8294,0.971
"at the boundary","gene86",1324.4,-0.0090759,-4.5034e-07,9266200,2.4041,9.4746,6.8294,0.971
"at the boundary","gene86",1455.8,-0.00825,-4.5034e-07,9266200,2.4041,9.4746,6.8294,0.971
"at the boundary","gene86",1600.3,-0.0074998,-4.5034e-07,9266200,2.4041,9.4746,6.8294,0.971
"at the boundary","gene86",1759,-0.0068183,-4.5034e-07,9266200,2.4041,9.4746,6.8294,0.971
"at the boundary","gene86",1933.6,-0.0061991,-4.5034e-07,9266200,2.4041,9.4746,6.8294,0.971
"at the boundary","gene86",2125.4,-0.0056364,-4.5034e-07,9266200,2.4041,9.4746,6.8294,0.971
"at the boundary","gene86",2336.3,-0.005125,-4.5034e-07,9266200,2.4041,9.4746,6.8294,0.971
"at the boundary","gene86",2568.1,-0.0046603,-4.5034e-07,9266200,2.4041,9.4746,6.8294,0.971
"at the boundary","gene86",2823,-0.0042379,-4.5034e-07,9266200,2.4041,9.4746,6.8294,0.971
"at the boundary","gene86",3103.1,-0.0038539,-4.5034e-07,9266200,2.4041,9.4746,6.8294,0.971
"at the boundary","gene86",3411,-0.0035049,-4.5034e-07,9266200,2.4041,9.4746,6.8294,0.971
"at the boundary","gene86",3749.4,-0.0031875,-4.5034e-07,9266200,2.4041,9.4746,6.8294,0.971
"at the boundary","gene86",4121.4,-0.002899,-4.5034e-07,9266200,2.4041,9.4746,6.8294,0.971
"at the boundary","gene86",4530.4,-0.0026367,-4.5034e-07,9266200,2.4041,9.4746,6.8294,0.971
"at the boundary","gene86",4979.9,-0.0023981,-4.5034e-07,9266200,2.4041,9.4746,6.8294,0.971
"at the boundary","gene86",5474,-0.0021812,-4.5034e-07,9266200,2.4041,9.4746,6.8294,0.971
"at the boundary","gene86",6017.2,-0.001984,-4.5034e-07,9266200,2.4041,9.4746,6.8294,0.971
"at the boundary","gene86",6614.2,-0.0018046,-4.5034e-07,9266200,2.4041,9.4746,6.8294,0.971
"at the boundary","gene86",7270.5,-0.0016415,-4.5034e-07,9266200,2.4041,9.4746,6.8294,0.971
"at the boundary","gene86",7991.9,-0.0014931,-4.5034e-07,9266200,2.4041,9.4746,6.8294,0.971
"at the boundary","gene86",8784.9,-0.0013582,-4.5034e-07,9266200,2.4041,9.4746,6.8294,0.971
"at the boundary","gene86",9656.5,-0.0012355,-4.5034e-07,9266200,2.4041,9.4746,6.8294,0.971
"at the boundary","gene86",10615,-0.0011239,-4.5034e-07,9266200,2.4041,9.4746,6.8294,0.971
"at the boundary","gene86",11668,-0.0010224,-4.5034e-07,9266200,2.4041,9.4746,6.8294,0.971
"at the boundary","gene86",12826,-0.00093003,-4.5034e-07,9266200,2.4041,9.4746,6.8294,0.971
"at the boundary","gene86",14098,-0.00084605,-4.5034e-07,9266200,2.4041,9.4746,6.8294,0.971
"at the boundary","gene86",15497,-0.00076966,-4.5034e-07,9266200,2.4041,9.4746,6.8294,0.971
"at the boundary","gene86",17035,-0.00070018,-4.5034e-07,9266200,2.4041,9.4746,6.8294,0.971
"at the boundary","gene86",18725,-0.00063698,-4.5034e-07,9266200,2.4041,9.4746,6.8294,0.971
"at the boundary","gene86",20583,-0.00057949,-4.5034e-07,9266200,2.4041,9.4746,6.8294,0.971
"at the boundary","gene86",22625,-0.00052719,-4.5034e-07,9266200,2.4041,9.4746,6.8294,0.971
"at the boundary","gene86",24870,-0.00047962,-4.5034e-07,9266200,2.4041,9.4746,6.8294,0.971
"at the boundary","gene86",27338,-0.00043635,-4.5034e-07,9266200,2.4041,9.4746,6.8294,0.971
"at the boundary","gene86",30050,-0.00039699,-4.5034e-07,9266200,2.4041,9.4746,6.8294,0.971
"at the boundary","gene86",33032,-0.00036118,-4.5034e-07,9266200,2.4041,9.4746,6.8294,0.971
"at the boundary","gene86",36310,-0.00032861,-4.5034e-07,9266200,2.4041,9.4746,6.8294,0.971
"at the boundary","gene86",39913,-0.00029898,-4.5034e-07,9266200,2.4041,9.4746,6.8294,0.971
"at the boundary","gene86",43873,-0.00027202,-4.5034e-07,9266200,2.4041,9.4746,6.8294,0.971
"at the boundary","gene86",48226,-0.0002475,-4.5034e-07,9266200,2.4041,9.4746,6.8294,0.971
"at the boundary","gene86",53011,-0.0002252,-4.5034e-07,9266200,2.4041,9.4746,6.8294,0.971
"at the boundary","gene86",58271,-0.00020491,-4.5034e-07,9266200,2.4041,9.4746,6.8294,0.971
"at the boundary","gene86",64053,-0.00018645,-4.5034e-07,9266200,2.4041,9.4746,6.8294,0.971
"at the boundary","gene86",70408,-0.00016966,-4.5034e-07,9266200,2.4041,9.4746,6.8294,0.971
"at the boundary","gene86",77395,-0.00015438,-4.5034e-07,9266200,2.4041,9.4746,6.8294,0.971
"at the boundary","gene86",85074,-0.00014048,-4.5034e-07,9266200,2.4041,9.4746,6.8294,0.971
"at the boundary","gene86",93515,-0.00012784,-4.5034e-07,9266200,2.4041,9.4746,6.8294,0.971
"at the boundary","gene86",102790,-0.00011634,-4.5034e-07,9266200,2.4041,9.4746,6.8294,0.971
"at the boundary","gene86",112990,-0.00010588,-4.5034e-07,9266200,2.4041,9.4746,6.8294,0.971
"at the boundary","gene86",124210,-9.6361e-05,-4.5034e-07,9266200,2.4041,9.4746,6.8294,0.971
"at the boundary","gene86",136530,-8.7703e-05,-4.5034e-07,9266200,2.4041,9.4746,6.8294,0.971
"at the boundary","gene86",150080,-7.9825e-05,-4.5034e-07,9266200,2.4041,9.4746,6.8294,0.971
"at the boundary","gene86",164970,-7.2656e-05,-4.5034e-07,9266200,2.4041,9.4746,6.8294,0.971
"at the boundary","gene86",181340,-6.6152e-05,-4.5034e-07,9266200,2.4041,9.4746,6.8294,0.971
"at the boundary","gene86",199330,-6.0212e-05,-4.5034e-07,9266200,2.4041,9.4746,6.8294,0.971
"at the boundary","gene86",219110,-5.4821e-05,-4.5034e-07,9266200,2.4041,9.4746,6.8294,0.971
"at the boundary","gene86",240850,-4.9906e-05,-4.5034e-07,9266200,2.4041,9.4746,6.8294,0.971
"at the boundary","gene86",264740,-4.5449e-05,-4.5034e-07,9266200,2.4041,9.4746,6.8294,0.971
"at the boundary","gene86",291010,-4.1383e-05,-4.5034e-07,9266200,2.4041,9.4746,6.8294,0.971
"at the boundary","gene86",319890,-3.7699e-05,-4.5034e-07,9266200,2.4041,9.4746,6.8294,0.971
"at the boundary","gene86",351630,-3.4319e-05,-4.5034e-07,9266200,2.4041,9.4746,6.8294,0.971
"at the boundary","gene86",386520,-3.1279e-05,-4.5034e-07,9266200,2.4041,9.4746,6.8294,0.971
"at the boundary","gene86",424870,-2.8498e-05,-4.5034e-07,9266200,2.4041,9.4746,6.8294,0.971
"at the boundary","gene86",467030,-2.5965e-05,-4.5034e-07,9266200,2.4041,9.4746,6.8294,0.971
"at the boundary","gene86",513370,-2.3666e-05,-4.5034e-07,9266200,2.4041,9.4746,6.8294,0.971
"at the boundary","gene86",564310,-2.1564e-05,-4.5034e-07,9266200,2.4041,9.4746,6.8294,0.971
"at the boundary","gene86",620300,-1.968e-05,-4.5034e-07,9266200,2.4041,9.4746,6.8294,0.971
"at the boundary","gene86",681850,-1.7921e-05,-4.5034e-07,9266200,2.4041,9.4746,6.8294,0.971
"at the boundary","gene86",749500,-1.6355e-05,-4.5034e-07,9266200,2.4041,9.4746,6.8294,0.971
"at the boundary","gene86",823870,-1.4902e-05,-4.5034e-07,9266200,2.4041,9.4746,6.8294,0.971
"at the boundary","gene86",905610,-1.3632e-05,-4.5034e-07,9266200,2.4041,9.4746,6.8294,0.971
"at the boundary","gene86",995470,-1.2462e-05,-4.5034e-07,9266200,2.4041,9.4746,6.8294,0.971
"at the boundary","gene86",1094200,-1.1356e-05,-4.5034e-07,9266200,2.4041,9.4746,6.8294,0.971
"at the boundary","gene86",1202800,-1.0342e-05,-4.5034e-07,9266200,2.4041,9.4746,6.8294,0.971
"at the boundary","gene86",1322200,-9.4108e-06,-4.5034e-07,9266200,2.4041,9.4746,6.8294,0.971
"at the boundary","gene86",1453400,-8.6614e-06,-4.5034e-07,9266200,2.4041,9.4746,6.8294,0.971
"at the boundary","gene86",1597600,-7.8474e-06,-4.5034e-07,9266200,2.4041,9.4746,6.8294,0.971
"at the boundary","gene86",1756100,-7.187e-06,-4.5034e-07,9266200,2.4041,9.4746,6.8294,0.971
"at the boundary","gene86",1930300,-6.6176e-06,-4.5034e-07,9266200,2.4041,9.4746,6.8294,0.971
"at the boundary","gene86",2121900,-6.1615e-06,-4.5034e-07,9266200,2.4041,9.4746,6.8294,0.971
"at the boundary","gene86",2332400,-5.5744e-06,-4.5034e-07,9266200,2.4041,9.4746,6.8294,0.971
"at the boundary","gene86",2563800,-5.1575e-06,-4.5034e-07,9266200,2.4041,9.4746,6.8294,0.971
"at the boundary","gene86",2818200,-4.7679e-06,-4.5034e-07,9266200,2.4041,9.4746,6.8294,0.971
"at the boundary","gene86",3097800,-4.3369e-06,-4.5034e-07,9266200,2.4041,9.4746,6.8294,0.971
"at the boundary","gene86",3405200,-3.9658e-06,-4.5034e-07,9266200,2.4041,9.4746,6.8294,0.971
"at the boundary","gene86",3743100,-3.5302e-06,-4.5034e-07,9266200,2.4041,9.4746,6.8294,0.971
"at the boundary","gene86",4114500,-3.3946e-06,-4.5034e-07,9266200,2.4041,9.4746,6.8294,0.971
"at the boundary","gene86",4522800,-3.0294e-06,-4.5034e-07,9266200,2.4041,9.4746,6.8294,0.971
"at the boundary","gene86",4971500,-2.8913e-06,-4.5034e-07,9266200,2.4041,9.4746,6.8294,0.971
"at the boundary","gene86",5464800,-2.4935e-06,-4.5034e-07,9266200,2.4041,9.4746,6.8294,0.971
"at the boundary","gene86",6007000,-2.5543e-06,-4.5034e-07,9266200,2.4041,9.4746,6.8294,0.971
"at the boundary","gene86",6603100,-2.1132e-06,-4.5034e-07,9266200,2.4041,9.4746,6.8294,0.971
"at the boundary","gene86",7258300,-1.7865e-06,-4.5034e-07,9266200,2.4041,9.4746,6.8294,0.971
"at the boundary","gene86",7978500,-2.2395e-06,-4.5034e-07,9266200,2.4041,9.4746,6.8294,0.971
"at the boundary","gene86",8770100,-2.189e-06,-4.5034e-07,9266200,2.4041,9.4746,6.8294,0.971
"at the boundary","gene86",9640300,-2.3895e-06,-4.5034e-07,9266200,2.4041,9.4746,6.8294,0.971
"at the boundary","gene86",10597000,-1.5276e-06,-4.5034e-07,9266200,2.4041,9.4746,6.8294,0.971
"at the boundary","gene86",11648000,-8.4062e-07,-4.5034e-07,9266200,2.4041,9.4746,6.8294,0.971
"at the boundary","gene86",12804000,-1.3004e-06,-4.5034e-07,9266200,2.4041,9.4746,6.8294,0.971
"at the boundary","gene86",14075000,-1.1244e-06,-4.5034e-07,9266200,2.4041,9.4746,6.8294,0.971
"at the boundary","gene86",15471000,-1.3635e-06,-4.5034e-07,9266200,2.4041,9.4746,6.8294,0.971
"at the boundary","gene86",17006000,-1.9481e-07,-4.5034e-07,9266200,2.4041,9.4746,6.8294,0.971
"at the boundary","gene86",18694000,-1.4147e-06,-4.5034e-07,9266200,2.4041,9.4746,6.8294,0.971
"at the boundary","gene86",20548000,0,-4.5034e-07,9266200,2.4041,9.4746,6.8294,0.971
"at the boundary","gene86",22587000,-2.0152e-06,-4.5034e-07,9266200,2.4041,9.4746,6.8294,0.971
"at the boundary","gene86",24828000,-1.6352e-06,-4.5034e-07,9266200,2.4041,9.4746,6.8294,0.971
"at the boundary","gene86",27292000,-1.0827e-06,-4.5034e-07,9266200,2.4041,9.4746,6.8294,0.971
"at the boundary","gene86",3e+07,-1.2702e-06,-4.5034e-07,9266200,2.4041,9.4746,6.8294,0.971
