"candidate","third","mean_count","rate_true_median","fp","tp","num_de","frac_changed","frac_within_2fold"
"mle","high",4.1775,2.3861,1.5,8.2,9.5,0,0.936
"cap_10s","high",4.1775,2.3861,0.8,9.5,9.5,0.043,0.954
"oracle","high",4.1775,2.3861,0.3,9.5,9.5,1,1
"master","high",4.1775,2.3861,2.1,9.5,9.5,0.602,0.859
"cap_10s","middle",1.0617,8.2449,0.2,9.2,9.8,0.46947,0.93293
"master","middle",1.0617,8.2449,0.2,8.9,9.8,0.99299,0.13313
"oracle","middle",1.0617,8.2449,0.1,8.9,9.8,1,1
"mle","middle",1.0617,8.2449,5.7,6.4,9.8,0,0.71772
"mle","low",0.28333,21.25,21.5,5.8,10.7,0,0.41658
"oracle","low",0.28333,21.25,1.1,5.9,10.7,1,1
"cap_10s","low",0.28333,21.25,0,3,10.7,0.84715,0.37662
"master","low",0.28333,21.25,0,2.3,10.7,1,0
