"candidate","regime","fp","tp","type1","frac_capped","fp_se","tp_se"
"cap_1","baseline",1.9,15,0.0501754385964912,1,0.481894409826699,0
"cap_10","baseline",2.1,15,0.051578947368421,0.114333333333333,0.546707315561891,0
"cap_1000","baseline",4,15,0.0564912280701754,0.00566666666666667,0.730296743340221,0
"cap_2","baseline",1.9,15,0.0512280701754386,0.972333333333333,0.481894409826699,0
"cap_20","baseline",2.5,15,0.052280701754386,0.0263333333333333,0.521749194749951,0
"cap_200","baseline",3.7,15,0.0557894736842105,0.00633333333333333,0.667499479816693,0
"cap_5","baseline",2,15,0.0491228070175439,0.407333333333333,0.53748384988657,0
"cap_50","baseline",2.7,15,0.0533333333333333,0.01,0.448454134902457,0
"cap_Inf","baseline",3.8,15,0.0547368421052632,0,0.611010092660779,0
"map_0.05","baseline",2.2,15,0.052280701754386,0.503,0.573488351136175,0
"map_0.25","baseline",1.8,15,0.0473684210526316,0.502666666666667,0.466666666666667,0
"map_1","baseline",1.9,15,0.0491228070175439,0.503,0.481894409826699,0
"map_4","baseline",2.4,15,0.051578947368421,0.502666666666667,0.42687494916219,0
"cap_1","generate_null",0.2,8.5,0.0420689655172414,0.471,0.2,0.453382350291181
"cap_10","generate_null",0.1,8.1,0.0344827586206897,0.072,0.1,0.378593889720018
"cap_1000","generate_null",3.5,8.2,0.0510344827586207,0.00833333333333333,0.687184270936277,0.38873012632302
"cap_2","generate_null",0.1,8.8,0.0355172413793103,0.312,0.1,0.38873012632302
"cap_20","generate_null",0.4,8.1,0.0410344827586207,0.034,0.163299316185545,0.378593889720018
"cap_200","generate_null",3,8.2,0.0496551724137931,0.00966666666666667,0.71492035298424,0.38873012632302
"cap_5","generate_null",0,8.3,0.0331034482758621,0.158666666666667,0,0.366666666666667
"cap_50","generate_null",1.6,8.1,0.0455172413793103,0.016,0.4,0.378593889720018
"cap_Inf","generate_null",3.8,8.2,0.053448275862069,0,0.592546294487706,0.38873012632302
"map_0.05","generate_null",0.3,8.3,0.0355172413793103,0.504333333333333,0.3,0.422952584681651
"map_0.25","generate_null",0,8.6,0.0313793103448276,0.504333333333333,0,0.371184290855335
"map_1","generate_null",0.1,8.3,0.0320689655172414,0.504,0.1,0.366666666666667
"map_4","generate_null",0.2,8.2,0.0362068965517241,0.503666666666667,0.133333333333333,0.38873012632302
"cap_1","low_count",0.4,13.1,0.0351851851851852,1,0.221108319357027,0.690410505906933
"cap_10","low_count",0.6,11.9,0.0366666666666667,0.225,0.266666666666667,0.993870101058371
"cap_1000","low_count",7.2,14.3,0.0718518518518518,0.0256666666666667,1.15277443105271,1.24766448481419
"cap_2","low_count",0.2,12.7,0.0337037037037037,0.977,0.133333333333333,0.615539510420646
"cap_20","low_count",1.6,13,0.0511111111111111,0.0923333333333333,0.476095228569523,1.22927259430572
"cap_200","low_count",6.2,14.2,0.0677777777777778,0.027,0.879393730551528,1.2
"cap_5","low_count",0.3,12,0.0274074074074074,0.554333333333333,0.213437474581095,1.12546286774228
"cap_50","low_count",3.7,13.6,0.0581481481481482,0.046,0.633333333333333,1.24007168251588
"cap_Inf","low_count",8.5,14.5,0.0751851851851852,0,1.1474609652039,1.27584394726698
"map_0.05","low_count",0.1,12.3,0.0285185185185185,0.512333333333333,0.1,1.00055540132024
"map_0.25","low_count",0.3,11.2,0.03,0.513,0.152752523165195,1.05198225587063
"map_1","low_count",0.9,12.3,0.0407407407407407,0.512666666666667,0.276887462097269,1.03333333333333
"map_4","low_count",1.9,13.3,0.0488888888888889,0.512666666666667,0.504424865014052,1.3085190950927
"cap_1","minimal_design",1.5,15,0.0473684210526316,1,0.521749194749951,0
"cap_10","minimal_design",1.6,15,0.0505263157894737,0.0916666666666667,0.669991708074726,0
"cap_1000","minimal_design",2.7,15,0.0547368421052632,0.004,0.789514618821801,0
"cap_2","minimal_design",1.5,15,0.0473684210526316,0.951666666666667,0.521749194749951,0
"cap_20","minimal_design",1.9,15,0.0512280701754386,0.0243333333333333,0.795124029458437,0
"cap_200","minimal_design",2.6,15,0.0533333333333333,0.00433333333333333,0.805536398239638,0
"cap_5","minimal_design",1.4,15,0.0491228070175439,0.359666666666667,0.635959467611297,0
"cap_50","minimal_design",2.2,15,0.0526315789473684,0.00833333333333333,0.879393730551528,0
"cap_Inf","minimal_design",3,15,0.0550877192982456,0,0.760116950066092,0
"map_0.05","minimal_design",1.3,15,0.048421052631579,0.502333333333333,0.55876848714134,0
"map_0.25","minimal_design",1.5,15,0.0494736842105263,0.501666666666667,0.61913918736689,0
"map_1","minimal_design",1.6,15,0.0498245614035088,0.502333333333333,0.669991708074726,0
"map_4","minimal_design",1.7,15,0.0512280701754386,0.501666666666667,0.731057073315377,0
"cap_1","near_poisson",1.8,15,0.063859649122807,1,0.813770374382247,0
"cap_10","near_poisson",1.8,15,0.0645614035087719,0.954666666666667,0.813770374382247,0
"cap_1000","near_poisson",8.3,15,0.0905263157894737,0.484333333333333,1.26535019307349,0
"cap_2","near_poisson",1.8,15,0.063859649122807,1,0.813770374382247,0
"cap_20","near_poisson",1.8,15,0.0642105263157895,0.803666666666667,0.711805216802087,0
"cap_200","near_poisson",3.8,15,0.0708771929824561,0.513333333333333,0.442216638714053,0
"cap_5","near_poisson",1.8,15,0.063859649122807,1,0.813770374382247,0
"cap_50","near_poisson",2.1,15,0.0635087719298246,0.616,0.566666666666667,0
"cap_Inf","near_poisson",63.3,12.7,0.276491228070175,0,11.8021184539048,1.28279209365959
"map_0.05","near_poisson",1.9,15,0.0635087719298246,0.740666666666667,0.835995746932297,0
"map_0.25","near_poisson",1.9,15,0.063859649122807,0.74,0.795124029458438,0
"map_1","near_poisson",2.1,15,0.0635087719298246,0.741,0.674124947205223,0
"map_4","near_poisson",2.7,15,0.0670175438596491,0.739666666666667,0.615539510420646,0
"cap_1","null",0.2,0,0.049,1,0.133333333333333,0
"cap_10","null",0.2,0,0.0533333333333333,0.115333333333333,0.133333333333333,0
"cap_1000","null",2.9,0,0.0603333333333333,0.00633333333333333,0.546707315561891,0
"cap_2","null",0.2,0,0.0486666666666667,0.974,0.133333333333333,0
"cap_20","null",0.5,0,0.0536666666666667,0.0343333333333333,0.223606797749979,0
"cap_200","null",2.2,0,0.0593333333333333,0.007,0.466666666666667,0
"cap_5","null",0.2,0,0.0476666666666667,0.418666666666667,0.133333333333333,0
"cap_50","null",1.2,0,0.057,0.0133333333333333,0.3590109871423,0
"cap_Inf","null",2.7,0,0.0616666666666667,0,0.472581562625261,0
"map_0.05","null",0.2,0,0.0476666666666667,0.504,0.133333333333333,0
"map_0.25","null",0.2,0,0.0496666666666667,0.502666666666667,0.133333333333333,0
"map_1","null",0.2,0,0.0536666666666667,0.504,0.133333333333333,0
"map_4","null",0.5,0,0.053,0.502666666666667,0.223606797749979,0
"cap_1","strong_de",0.6,14.7,0.0473684210526316,1,0.4,0.213437474581095
"cap_10","strong_de",1.1,14.7,0.0435087719298246,0.117666666666667,0.481894409826699,0.213437474581095
"cap_1000","strong_de",3.7,14.6,0.051578947368421,0.00466666666666667,0.667499479816693,0.305505046330389
"cap_2","strong_de",0.6,14.7,0.0473684210526316,0.974666666666667,0.4,0.213437474581095
"cap_20","strong_de",1.5,14.7,0.0452631578947368,0.031,0.600925212577332,0.213437474581095
"cap_200","strong_de",3.3,14.6,0.0508771929824561,0.00533333333333333,0.775313556640867,0.305505046330389
"cap_5","strong_de",0.8,14.7,0.0435087719298246,0.432,0.592546294487706,0.213437474581095
"cap_50","strong_de",2.1,14.6,0.0459649122807018,0.01,0.458257569495584,0.305505046330389
"cap_Inf","strong_de",3.7,14.6,0.0512280701754386,0,0.667499479816693,0.305505046330389
"map_0.05","strong_de",0.8,14.7,0.0456140350877193,0.502666666666667,0.592546294487706,0.213437474581095
"map_0.25","strong_de",0.9,14.7,0.0449122807017544,0.502333333333333,0.481894409826699,0.213437474581095
"map_1","strong_de",1.1,14.7,0.0452631578947368,0.502,0.481894409826699,0.213437474581095
"map_4","strong_de",1.5,14.6,0.0449122807017544,0.501666666666667,0.600925212577332,0.305505046330389
"cap_1","trend",3.5,20.9,0.0525925925925926,0.995333333333333,0.77817450199525,0.874960316560446
"cap_10","trend",1,21.7,0.0437037037037037,0.453333333333333,0.298142396999972,0.760847480700888
"cap_1000","trend",21.6,25.5,0.122962962962963,0.12,1.52897932549063,0.749073501808141
"cap_2","trend",2.8,21,0.0537037037037037,0.904666666666667,0.573488351136175,0.816496580927726
"cap_20","trend",1.2,23,0.0451851851851852,0.284333333333333,0.290593262902712,0.632455532033676
"cap_200","trend",10.1,24.6,0.082962962962963,0.131666666666667,1.1,0.832666399786453
"cap_5","trend",1.6,20.9,0.0425925925925926,0.673,0.561743318211757,0.822597511950204
"cap_50","trend",2.4,23.5,0.0514814814814815,0.175,0.52068331172711,0.819891591749923
"cap_Inf","trend",28.7,20.4,0.131111111111111,0,1.22065556157337,2.29589004769634
"map_0.05","trend",1.9,21,0.0451851851851852,0.559666666666667,0.525991127935317,0.856348838577675
"map_0.25","trend",1.1,22,0.0451851851851852,0.558666666666667,0.378593889720018,0.774596669241483
"map_1","trend",1.1,23,0.0448148148148148,0.558333333333333,0.276887462097269,0.666666666666667
"map_4","trend",2.3,23.7,0.0514814814814815,0.558333333333333,0.448454134902457,0.746100976186646
"cap_1","weak_de",1.2,18.1,0.0411111111111111,1,0.466666666666667,1.60865713493515
"cap_10","weak_de",1.2,17.9,0.0414814814814815,0.112,0.416333199893227,1.81015653098473
"cap_1000","weak_de",3.6,17.9,0.0488888888888889,0.00433333333333333,0.733333333333333,1.84661853126194
"cap_2","weak_de",1.2,18.1,0.0411111111111111,0.971,0.466666666666667,1.60865713493515
"cap_20","weak_de",1.8,17.6,0.0422222222222222,0.0353333333333333,0.51207638319124,1.72046505340853
"cap_200","weak_de",3,17.8,0.0485185185185185,0.00766666666666667,0.74535599249993,1.86070476492705
"cap_5","weak_de",1.4,17.8,0.0422222222222222,0.418,0.42687494916219,1.8306040290328
"cap_50","weak_de",1.8,17.6,0.0466666666666667,0.013,0.466666666666667,1.7650936393165
"cap_Inf","weak_de",3.5,17.5,0.0477777777777778,0,0.763762615825973,1.87527775720469
"map_0.05","weak_de",1,17.4,0.0396296296296296,0.502666666666667,0.421637021355784,1.84511366707974
"map_0.25","weak_de",1.2,17.4,0.0411111111111111,0.502,0.416333199893227,1.85112578358864
"map_1","weak_de",1.4,17.7,0.042962962962963,0.502666666666667,0.42687494916219,1.85622077231011
"map_4","weak_de",1.7,18,0.0425925925925926,0.501333333333333,0.517472489875334,1.86785676348292
"cap_1","wide_rate",1.7,19.3,0.0374074074074074,0.917,0.55876848714134,1.99471524005029
"cap_10","wide_rate",1,18.6,0.0407407407407407,0.492666666666667,0.421637021355784,1.5790292376436
"cap_1000","wide_rate",24.2,20.1,0.131481481481481,0.163,1.09341463112378,1.49406232206766
"cap_2","wide_rate",1.4,19.5,0.0374074074074074,0.801666666666667,0.42687494916219,2.03988017077257
"cap_20","wide_rate",0.9,17.8,0.0418518518518518,0.341,0.378593889720018,1.6983652270476
"cap_200","wide_rate",7,17.1,0.0792592592592593,0.178333333333333,0.802772971919486,1.7220788470786
"cap_5","wide_rate",1.1,18.9,0.037037037037037,0.640333333333333,0.458257569495584,1.91746360243595
"cap_50","wide_rate",2.1,17.6,0.0507407407407407,0.231666666666667,0.378593889720018,1.81475434517549
"cap_Inf","wide_rate",37.8,20.1,0.165185185185185,0,1.73717522943938,2.02457128520803
"map_0.05","wide_rate",1.2,19.1,0.037037037037037,0.58,0.466666666666667,1.87053171287976
"map_0.25","wide_rate",0.8,18,0.0381481481481481,0.579333333333333,0.416333199893227,1.7763883459299
"map_1","wide_rate",1.1,17.7,0.0411111111111111,0.58,0.504424865014052,1.80154254891622
"map_4","wide_rate",1.7,17.3,0.0448148148148148,0.58,0.422952584681651,1.68027775481714
