"regime","frac_boundary","frac_above_1e4","pearson_boundary","pearson_interior","pearson_all","ratio_raw","ratio_unit_free","spearman_raw","spearman_unit_free","frac_at_legacy_cap","map_prior_var"
"baseline",0.00533333333333333,0.00566666666666667,0.9829554375,1.25088347252011,1.249454523,2.49919404835543,1.12630199234873,0.592479250793764,0.774186121511714,0.913,0.25
"null",0.00633333333333333,0.00633333333333333,0.98690547368421,1.24791684602482,1.246263774,2.43003300801623,1.13981292233598,0.598798767242439,0.773466526764532,0.906666666666667,0.2514058
"strong_de",0.00466666666666667,0.00466666666666667,0.978536428571429,1.25422488278634,1.25293833666667,3.00004347649737,1.15873682432331,0.566659346669546,0.764048096207593,0.864666666666667,0.257902
"near_poisson",0.481,0.481333333333333,0.949425173943174,1.03948403789338,0.996165724333333,0.2994588739308,0.134373697343261,0.0828239464799703,0.0782490124981955,1,0.25
"minimal_design",0.00366666666666667,0.00366666666666667,0.965884090909091,1.25532367213115,1.25426239366667,2.34210542676141,1.03589211502047,0.611232085087704,0.791257207111639,0.991666666666667,0.2568375
"generate_null",0.00833333333333333,0.00833333333333333,0.96994872,96419.3254448682,95615.839149067,NA,NA,NA,NA,0.387,6.197468
"weak_de",0.004,0.004,0.966311666666667,1.24987561746988,1.24874136166667,2.47035978542861,1.12461983525641,0.600980665665608,0.778406322650574,0.916333333333333,0.2627126
"low_count",0.0253333333333333,0.0253333333333333,0.953740960526316,1.17832703248974,1.17263751866667,0.320811925311906,1.38706317673267,0.493349556150492,0.64112585773486,0.920666666666667,0.25
"wide_rate",0.159666666666667,0.159666666666667,0.953569144050104,1.3503047508925,1.286959299,2.04218593263852,1.02879817240913,0.852208680155794,0.87920105185754,0.778,2.754617
"trend",0.117333333333333,0.117333333333333,0.9452084375,1.20853654607251,1.17763938133333,1.7542669167258,1.11481788136319,0.0320228258533196,0.847889597374277,0.864,0.952400399999997
