"candidate","regime","type1","fp","tp","fdp","auc","max_abs_teststat"
"mle","baseline",0.0547368421052632,3.8,15,0.202127659574468,0.997964912280702,26.7739
"mle","null",0.0616666666666667,2.7,0,1,NA,12.0312
"mle","strong_de",0.0512280701754386,3.7,14.6,0.202185792349727,0.994994152046784,96.5185
"mle","near_poisson",0.276491228070175,63.3,12.7,0.832894736842105,0.880608187134503,52.9024
"mle","minimal_design",0.0550877192982456,3,15,0.166666666666667,0.99880701754386,17.5964
"mle","generate_null",0.053448275862069,3.8,8.2,0.316666666666667,0.987172413793103,99.6712
"mle","weak_de",0.0477777777777778,3.5,17.5,0.166666666666667,0.96837037037037,21.7254
"mle","low_count",0.0751851851851852,8.5,14.5,0.369565217391304,0.918506172839506,80.2042
"mle","wide_rate",0.165185185185185,37.8,20.1,0.652849740932642,0.870246913580247,37.8318
"mle","trend",0.131111111111111,28.7,20.4,0.584521384928717,0.891222222222222,149.846
"cap_max_s","baseline",0.0536842105263158,1.8,15,0.107142857142857,1,5.70246
"cap_max_s","null",0.0486666666666667,0.2,0,1,NA,1.40973
"cap_max_s","strong_de",0.0463157894736842,0.7,14.7,0.0454545454545455,0.999883040935672,26.0588
"cap_max_s","near_poisson",0.0666666666666667,2.6,15,0.147727272727273,1,7.00029
"cap_max_s","minimal_design",0.0480701754385965,1.3,15,0.0797546012269939,1,5.4276
"cap_max_s","generate_null",0.0389655172413793,0.2,8.8,0.0222222222222222,0.996862068965517,12.0113
"cap_max_s","weak_de",0.0414814814814815,1.1,18.2,0.0569948186528497,0.977654320987654,2.34359
"cap_max_s","low_count",0.0355555555555556,0.6,12.3,0.0465116279069767,0.946444444444444,3.08623
"cap_max_s","wide_rate",0.0366666666666667,1.2,18.9,0.0597014925373134,0.979,2.56643
"cap_max_s","trend",0.0555555555555556,2.3,20.7,0.1,0.954098765432099,5.98961
"cap_10s","baseline",0.051578947368421,2.1,15,0.12280701754386,1,5.78205
"cap_10s","null",0.0533333333333333,0.2,0,1,NA,1.40373
"cap_10s","strong_de",0.0435087719298246,1.1,14.7,0.069620253164557,0.999929824561404,26.2199
"cap_10s","near_poisson",0.0645614035087719,1.8,15,0.107142857142857,1,6.56679
"cap_10s","minimal_design",0.0505263157894737,1.6,15,0.0963855421686747,1,6.0348
"cap_10s","generate_null",0.0344827586206897,0.1,8.1,0.0121951219512195,0.996448275862069,12.0113
"cap_10s","weak_de",0.0414814814814815,1.2,17.9,0.06282722513089,0.975493827160494,2.65255
"cap_10s","low_count",0.0366666666666667,0.6,11.9,0.048,0.944395061728395,4.24277
"cap_10s","wide_rate",0.0407407407407407,1,18.6,0.0510204081632653,0.975716049382716,2.84912
"cap_10s","trend",0.0437037037037037,1,21.7,0.0440528634361234,0.965049382716049,4.95821
"cap_50s","baseline",0.0533333333333333,2.7,15,0.152542372881356,1,8.31933
"cap_50s","null",0.057,1.2,0,1,NA,1.65444
"cap_50s","strong_de",0.0459649122807018,2.1,14.6,0.125748502994012,0.999345029239766,34.6418
"cap_50s","near_poisson",0.0635087719298246,2.1,15,0.12280701754386,1,7.07174
"cap_50s","minimal_design",0.0526315789473684,2.2,15,0.127906976744186,1,7.95264
"cap_50s","generate_null",0.0455172413793103,1.6,8.1,0.164948453608247,0.994172413793103,12.0113
"cap_50s","weak_de",0.0466666666666667,1.8,17.6,0.0927835051546392,0.972888888888889,3.49827
"cap_50s","low_count",0.0581481481481482,3.7,13.6,0.213872832369942,0.931666666666667,6.92336
"cap_50s","wide_rate",0.0507407407407407,2.1,17.6,0.106598984771574,0.966123456790123,4.02936
"cap_50s","trend",0.0514814814814815,2.4,23.5,0.0926640926640927,0.97,4.60615
"cap_3median","baseline",0.0501754385964912,1.7,15,0.101796407185629,1,5.76695
"cap_3median","null",0.053,0.3,0,1,NA,1.39711
"cap_3median","strong_de",0.0396491228070175,0.4,14.7,0.0264900662251656,0.999929824561404,25.2239
"cap_3median","near_poisson",0.0635087719298246,2,15,0.117647058823529,1,6.11082
"cap_3median","minimal_design",0.0498245614035088,1.6,15,0.0963855421686747,1,5.74678
"cap_3median","generate_null",0.0396551724137931,0,8.8,0,0.997241379310345,10.2247
"cap_3median","weak_de",0.0422222222222222,1.5,17.6,0.0785340314136126,0.975382716049383,2.55624
"cap_3median","low_count",0.0525925925925926,2.4,14.2,0.144578313253012,0.939851851851852,4.84065
"cap_3median","wide_rate",0.0414814814814815,1,18.3,0.0518134715025907,0.973814814814815,2.79357
"cap_3median","trend",0.0618518518518519,5.3,24.4,0.178451178451178,0.969765432098765,4.55902
"cap_10median","baseline",0.0550877192982456,2.6,15,0.147727272727273,1,7.27179
"cap_10median","null",0.056,0.8,0,1,NA,1.60007
"cap_10median","strong_de",0.047719298245614,2.2,14.6,0.130952380952381,0.999461988304094,29.7808
"cap_10median","near_poisson",0.0659649122807018,2.9,15,0.162011173184358,1,6.6263
"cap_10median","minimal_design",0.051578947368421,2.1,15,0.12280701754386,1,7.00035
"cap_10median","generate_null",0.0403448275862069,0.4,8.2,0.0465116279069767,0.996034482758621,11.1429
"cap_10median","weak_de",0.047037037037037,1.9,18,0.0954773869346734,0.973086419753086,2.70536
"cap_10median","low_count",0.062962962962963,4.5,13.9,0.244565217391304,0.928864197530864,5.63041
"cap_10median","wide_rate",0.0540740740740741,2.8,17.6,0.137254901960784,0.963938271604938,3.79913
"cap_10median","trend",0.0907407407407407,11.7,25.2,0.317073170731707,0.957950617283951,4.92458
"winsor_95","baseline",0.0519298245614035,1.8,15,0.107142857142857,1,5.75912
"winsor_95","null",0.0546666666666667,0.4,0,1,NA,1.39299
"winsor_95","strong_de",0.0407017543859649,0.7,14.6,0.0457516339869281,0.999929824561404,26.1373
"winsor_95","near_poisson",0.256140350877193,55.3,12.1,0.820474777448071,0.880888888888889,53.0578
"winsor_95","minimal_design",0.051578947368421,1.7,15,0.101796407185629,1,5.74234
"winsor_95","generate_null",0.0441379310344828,1,8.2,0.108695652173913,0.994931034482759,12.0113
"winsor_95","weak_de",0.0418518518518518,1.6,17.5,0.0837696335078534,0.97437037037037,2.68304
"winsor_95","low_count",0.0622222222222222,4.8,14.2,0.252631578947368,0.928814814814815,11.463
"winsor_95","wide_rate",0.165925925925926,37.8,20.1,0.652849740932642,0.870283950617284,37.8365
"winsor_95","trend",0.125925925925926,27.9,19.3,0.591101694915254,0.891320987654321,151.277
"boundary_to_median","baseline",0.0536842105263158,3,15,0.166666666666667,1,26.7739
"boundary_to_median","null",0.055,1.2,0,1,NA,2.2466
"boundary_to_median","strong_de",0.0480701754385965,2.5,14.6,0.146198830409357,0.998994152046784,27.0306
"boundary_to_median","near_poisson",0.0785964912280702,4.9,15,0.246231155778894,0.999859649122807,12.3782
"boundary_to_median","minimal_design",0.0533333333333333,2.2,15,0.127906976744186,0.999976608187135,6.65142
"boundary_to_median","generate_null",0.0462068965517241,1.6,8.2,0.163265306122449,0.993827586206897,12.0113
"boundary_to_median","weak_de",0.0462962962962963,2.5,17.7,0.123762376237624,0.971851851851852,6.66407
"boundary_to_median","low_count",0.0566666666666667,3,13.3,0.184049079754601,0.933308641975309,6.89207
"boundary_to_median","wide_rate",0.0625925925925926,4.5,18.7,0.193965517241379,0.959962962962963,7.35407
"boundary_to_median","trend",0.062962962962963,4,22.1,0.153256704980843,0.959358024691358,15.4004
"common_raw","baseline",0.048421052631579,1.5,15,0.0909090909090909,1,5.31746
"common_raw","null",0.0456666666666667,0.1,0,1,NA,1.28469
"common_raw","strong_de",0.0529824561403509,1.2,15,0.0740740740740741,1,24.17
"common_raw","near_poisson",0.0582456140350877,1.9,15,0.112426035502959,1,5.70873
"common_raw","minimal_design",0.0473684210526316,1,15,0.0625,1,5.00733
"common_raw","generate_null",0.0644827586206897,3.3,8.2,0.28695652173913,0.992103448275862,9.94583
"common_raw","weak_de",0.0411111111111111,1.1,18.9,0.055,0.981814814814815,2.24144
"common_raw","low_count",0.0544444444444444,2.3,11.3,0.169117647058824,0.956543209876543,3.99977
"common_raw","wide_rate",0.037037037037037,1.3,19.4,0.0628019323671498,0.983456790123457,2.32069
"common_raw","trend",0.0581481481481482,2.5,25,0.0909090909090909,0.980308641975309,4.17125
"common_unit","baseline",0.0501754385964912,1.9,15,0.112426035502959,1,5.73256
"common_unit","null",0.049,0.2,0,1,NA,1.42639
"common_unit","strong_de",0.0473684210526316,0.6,14.7,0.0392156862745098,0.999976608187135,25.6131
"common_unit","near_poisson",0.063859649122807,1.8,15,0.107142857142857,1,6.55829
"common_unit","minimal_design",0.0473684210526316,1.5,15,0.0909090909090909,1,5.41472
"common_unit","generate_null",0.0589655172413793,1.5,8,0.157894736842105,0.992448275862069,14.1997
"common_unit","weak_de",0.0411111111111111,1.2,18.1,0.0621761658031088,0.978086419753086,2.39176
"common_unit","low_count",0.0311111111111111,0.2,11.9,0.0165289256198347,0.94937037037037,3.83795
"common_unit","wide_rate",0.0362962962962963,2.2,19.2,0.102803738317757,0.979086419753086,2.44945
"common_unit","trend",0.0525925925925926,3.4,20.9,0.139917695473251,0.954753086419753,5.78824
"eb_map","baseline",0.0473684210526316,1.8,15,0.107142857142857,1,5.81166
"eb_map","null",0.0496666666666667,0.2,0,1,NA,1.418
"eb_map","strong_de",0.0449122807017544,0.9,14.7,0.0576923076923077,0.999906432748538,27.575
"eb_map","near_poisson",0.063859649122807,1.9,15,0.112426035502959,1,6.65134
"eb_map","minimal_design",0.0494736842105263,1.5,15,0.0909090909090909,1,5.66831
"eb_map","generate_null",0.0362068965517241,0.3,8.2,0.0352941176470588,0.996206896551724,12.0129
"eb_map","weak_de",0.0418518518518518,1.2,17.4,0.0645161290322581,0.976697530864198,2.47334
"eb_map","low_count",0.03,0.3,11.2,0.0260869565217391,0.947592592592593,3.72569
"eb_map","wide_rate",0.0433333333333333,1.7,17.9,0.086734693877551,0.970864197530864,3.51684
"eb_map","trend",0.0440740740740741,1,22.7,0.0421940928270042,0.967654320987654,4.93876
"profile_lower_50","baseline",0.0519298245614035,2,15,0.117647058823529,1,6.77558
"profile_lower_50","null",0.0546666666666667,0.5,0,1,NA,1.66357
"profile_lower_50","strong_de",0.047719298245614,1.5,14.7,0.0925925925925926,0.99953216374269,41.776
"profile_lower_50","near_poisson",0.0757894736842105,4,15,0.210526315789474,1,7.56612
"profile_lower_50","minimal_design",0.0505263157894737,1.8,15,0.107142857142857,1,7.3282
"profile_lower_50","generate_null",0.0375862068965517,0.7,8.3,0.0777777777777778,0.995896551724138,11.9035
"profile_lower_50","weak_de",0.0462962962962963,2,17.7,0.101522842639594,0.974641975308642,2.75688
"profile_lower_50","low_count",0.0511111111111111,3.3,13.9,0.191860465116279,0.935913580246914,8.06496
"profile_lower_50","wide_rate",0.0607407407407407,4.3,17.6,0.19634703196347,0.96262962962963,5.02556
"profile_lower_50","trend",0.0640740740740741,4.6,24.3,0.15916955017301,0.966098765432099,4.75672
"profile_lower_90","baseline",0.0480701754385965,1.9,15,0.112426035502959,1,6.06581
"profile_lower_90","null",0.052,0.3,0,1,NA,1.40834
"profile_lower_90","strong_de",0.0445614035087719,1.1,14.7,0.069620253164557,0.999812865497076,34.6464
"profile_lower_90","near_poisson",0.0659649122807018,2.6,15,0.147727272727273,1,6.85919
"profile_lower_90","minimal_design",0.0498245614035088,1.5,15,0.0909090909090909,1,5.80826
"profile_lower_90","generate_null",0.0310344827586207,0.1,8.4,0.0117647058823529,0.996310344827586,11.7576
"profile_lower_90","weak_de",0.042962962962963,1.2,17.7,0.0634920634920635,0.976148148148148,2.51568
"profile_lower_90","low_count",0.0377777777777778,1.2,12.3,0.0888888888888889,0.941666666666667,3.95794
"profile_lower_90","wide_rate",0.0422222222222222,1.3,17.6,0.0687830687830688,0.973555555555556,3.41323
"profile_lower_90","trend",0.0496296296296296,2,23,0.08,0.965827160493827,4.99936
"moment_cap_50s","baseline",0.0529824561403509,2.5,15,0.142857142857143,1,7.89329
"moment_cap_50s","null",0.0576666666666667,1.2,0,1,NA,1.74
"moment_cap_50s","strong_de",0.0470175438596491,2.7,14.6,0.15606936416185,0.999087719298246,34.5639
"moment_cap_50s","near_poisson",0.0656140350877193,2.5,15,0.142857142857143,1,6.47912
"moment_cap_50s","minimal_design",0.0540350877192982,1.9,15,0.112426035502959,1,7.95566
"moment_cap_50s","generate_null",0.0410344827586207,1.3,8.1,0.138297872340426,0.995103448275862,12.015
"moment_cap_50s","weak_de",0.0451851851851852,2.1,17.8,0.105527638190955,0.973111111111111,3.55637
"moment_cap_50s","low_count",0.0592592592592593,3.7,13.7,0.21264367816092,0.932197530864198,6.9054
"moment_cap_50s","wide_rate",0.0507407407407407,2.2,18.1,0.108374384236453,0.965851851851852,3.91443
"moment_cap_50s","trend",0.0533333333333333,2.8,22.8,0.109375,0.970481481481482,4.79879
"master","baseline",0.0536842105263158,1.8,15,0.107142857142857,1,5.70249
"master","null",0.0483333333333333,0.2,0,1,NA,1.40905
"master","strong_de",0.0442105263157895,0.7,14.6,0.0457516339869281,0.999883040935672,26.0532
"master","near_poisson",0.0666666666666667,2.6,15,0.147727272727273,1,6.98997
"master","minimal_design",0.047719298245614,1.3,15,0.0797546012269939,1,5.42634
"master","generate_null",0.0393103448275862,0.2,8.8,0.0222222222222222,0.996862068965517,12.0112
"master","weak_de",0.0418518518518518,1.1,18.2,0.0569948186528497,0.977654320987654,2.34337
"master","low_count",0.0355555555555556,0.6,12.3,0.0465116279069767,0.946444444444444,3.08572
"master","wide_rate",0.0366666666666667,1.2,18.9,0.0597014925373134,0.979,2.56494
"master","trend",0.0555555555555556,2.3,20.7,0.1,0.954111111111111,5.98588
"oracle","baseline",0.0463157894736842,2,15,0.117647058823529,1,6.24167
"oracle","null",0.0473333333333333,0.2,0,1,NA,1.43004
"oracle","strong_de",0.0470175438596491,1.4,14.7,0.0869565217391304,0.999906432748538,26.1327
"oracle","near_poisson",0.0673684210526316,2.9,15,0.162011173184358,1,8.85377
"oracle","minimal_design",0.0494736842105263,1.2,15,0.0740740740740741,1,5.81754
"oracle","weak_de",0.0396296296296296,1.2,18.4,0.0612244897959184,0.97641975308642,2.46065
"oracle","low_count",0.0307407407407407,0.2,12.2,0.0161290322580645,0.946567901234568,3.8927
"oracle","wide_rate",0.0581481481481482,5.7,16.6,0.255605381165919,0.955444444444444,6.35225
"oracle","trend",0.0522222222222222,1.5,24.3,0.0581395348837209,0.974987654320988,4.39102
"mle_median_stabilize","baseline",0.0578947368421053,4,15,0.210526315789474,0.997988304093567,26.7741
"mle_median_stabilize","null",0.0616666666666667,2.9,0,1,NA,12.0357
"mle_median_stabilize","strong_de",0.052280701754386,3.7,14.6,0.202185792349727,0.994900584795322,96.6588
"mle_median_stabilize","near_poisson",0.189122807017544,31.2,9.2,0.772277227722772,0.86493567251462,83.2709
"mle_median_stabilize","minimal_design",0.0589473684210526,3.1,15,0.171270718232044,0.998830409356725,17.5965
"mle_median_stabilize","generate_null",0.053448275862069,3.8,8.2,0.316666666666667,0.987172413793103,99.6712
"mle_median_stabilize","weak_de",0.0496296296296296,3.5,17.6,0.165876777251185,0.968024691358025,21.7363
"mle_median_stabilize","low_count",0.0737037037037037,8.6,14.1,0.378854625550661,0.917574074074074,80.236
"mle_median_stabilize","wide_rate",0.182222222222222,41.2,21.6,0.656050955414013,0.86758024691358,38.0876
"mle_median_stabilize","trend",0.152592592592593,32.3,26,0.554030874785592,0.896567901234568,255.732
"cap_50s_median_stabilize","baseline",0.0540350877192982,2.7,15,0.152542372881356,1,8.49561
"cap_50s_median_stabilize","null",0.0573333333333333,1.3,0,1,NA,1.67762
"cap_50s_median_stabilize","strong_de",0.0463157894736842,2.1,14.6,0.125748502994012,0.999345029239766,34.9501
"cap_50s_median_stabilize","near_poisson",0.0621052631578947,2.1,15,0.12280701754386,1,6.96095
"cap_50s_median_stabilize","minimal_design",0.0554385964912281,2.2,15,0.127906976744186,1,8.12964
"cap_50s_median_stabilize","generate_null",0.0455172413793103,1.6,8.1,0.164948453608247,0.994172413793103,12.0113
"cap_50s_median_stabilize","weak_de",0.0466666666666667,2,17.6,0.102040816326531,0.972654320987654,3.56453
"cap_50s_median_stabilize","low_count",0.0581481481481482,3.7,13.6,0.213872832369942,0.931413580246914,7.24087
"cap_50s_median_stabilize","wide_rate",0.0496296296296296,1.9,17.6,0.0974358974358974,0.967469135802469,3.90538
"cap_50s_median_stabilize","trend",0.0525925925925926,2.4,23.5,0.0926640926640927,0.969901234567901,4.5655
