"candidate","regime","rate_group_1","rate_group_2","rate_group_3","rate_group_4","rate_group_5"
"mle","null",0.26,0.29,0.31,0.35,0.69
"mle","baseline",0.28,0.3,0.32,0.34,0.66
"mle","near_poisson",0.25,0.26,1.2,2.21,2.37
"mle","wide_rate",0.29,0.26,0.28,0.3,2.94
"mle","trend",0.24,0.29,0.3,0.3,3.43
"master","null",0.26,0.29,0.32,0.34,0.38
"master","baseline",0.28,0.32,0.32,0.34,0.37
"master","near_poisson",0.27,0.28,0.3,0.32,0.38
"master","wide_rate",0.31,0.3,0.32,0.35,0.37
"master","trend",0.27,0.3,0.34,0.4,0.48
"cap_10s","null",0.26,0.3,0.31,0.35,0.39
"cap_10s","baseline",0.29,0.31,0.33,0.34,0.38
"cap_10s","near_poisson",0.27,0.28,0.31,0.32,0.35
"cap_10s","wide_rate",0.3,0.31,0.33,0.37,0.4
"cap_10s","trend",0.32,0.33,0.36,0.38,0.4
"cap_50s","null",0.26,0.29,0.31,0.35,0.43
"cap_50s","baseline",0.28,0.31,0.33,0.34,0.42
"cap_50s","near_poisson",0.27,0.3,0.3,0.33,0.38
"cap_50s","wide_rate",0.3,0.28,0.34,0.41,0.53
"cap_50s","trend",0.31,0.37,0.38,0.38,0.46
"eb_map","null",0.27,0.29,0.31,0.35,0.38
"eb_map","baseline",0.29,0.3,0.34,0.34,0.37
"eb_map","near_poisson",0.27,0.28,0.3,0.31,0.36
"eb_map","wide_rate",0.3,0.29,0.34,0.38,0.48
"eb_map","trend",0.33,0.35,0.36,0.37,0.4
"common_unit","null",0.27,0.31,0.31,0.33,0.37
"common_unit","baseline",0.28,0.32,0.32,0.33,0.37
"common_unit","near_poisson",0.27,0.28,0.3,0.33,0.35
"common_unit","wide_rate",0.29,0.3,0.33,0.34,0.37
"common_unit","trend",0.28,0.29,0.34,0.37,0.51
"oracle","null",0.27,0.29,0.32,0.35,0.38
"oracle","baseline",0.3,0.31,0.33,0.35,0.37
"oracle","near_poisson",0.24,0.3,0.32,0.36,0.41
"oracle","wide_rate",0.29,0.28,0.34,0.42,0.65
"oracle","trend",0.37,0.38,0.36,0.36,0.37
