"candidate","regime","fp","tp","type1","frac_boundary","frac_within_2fold","max_unit_free_rate","prior_var","sampling_var","fp_se"
"mle","null",0.6,0,0.0567,0,0.996,20.5,0.254,0.0175,0.267
"cap_max_s","null",0.4,0,0.056,0,0.633,5.69,0.254,0.0175,0.306
"cap_10s","null",0.5,0,0.056,0,0.999,10,0.254,0.0175,0.269
"eb_map","null",0.6,0,0.0557,0,0.999,11.4,0.254,0.0175,0.34
"eb_map_cap_10s","null",0.6,0,0.0553,0,0.999,10,0.254,0.0175,0.34
"profile_lower_90","null",0.6,0,0.055,0,0.998,10.4,0.254,0.0175,0.34
"oracle","null",0.6,0,0.0587,0,1,7.97,0.254,0.0175,0.34
"mle","weak_de",3.3,29.4,0.0563,0,0.991,17.3,0.258,0.0181,0.989
"cap_max_s","weak_de",2.9,29.2,0.0548,0,0.642,6.93,0.258,0.0181,1.1
"cap_10s","weak_de",3.2,29.4,0.0552,0,0.997,10,0.258,0.0181,0.94
"eb_map","weak_de",3.2,29.4,0.0537,0,0.998,11.3,0.258,0.0181,0.94
"eb_map_cap_10s","weak_de",3.2,29.4,0.0537,0,0.998,9.99,0.258,0.0181,0.94
"profile_lower_90","weak_de",3.2,29.6,0.0541,0,0.998,9.92,0.258,0.0181,0.94
"oracle","weak_de",3.2,29.6,0.0563,0,1,7.96,0.258,0.0181,1.02
"mle","wide_rate",20.1,26.7,0.101,0.0577,0.743,14500000,3.55,0.0556,1.92
"cap_max_s","wide_rate",3.2,29.3,0.0604,0.0577,0.373,6.22,3.55,0.0556,0.646
"cap_10s","wide_rate",3,28.5,0.0589,0.0577,0.609,10,3.55,0.0556,0.558
"eb_map","wide_rate",6.2,28.2,0.0744,0.0577,0.769,120,3.55,0.0556,1.05
"eb_map_cap_10s","wide_rate",3,28.5,0.0589,0.0577,0.609,10,3.55,0.0556,0.558
"profile_lower_90","wide_rate",5.7,28.6,0.0696,0.0577,0.632,66.1,3.55,0.0556,1.04
"oracle","wide_rate",10.1,27.3,0.0959,0.0577,1,197,3.55,0.0556,1.51
