"candidate","statistic","regime","null_sd","type1_empirical","fp_empirical","tp_empirical","type1_theory","fp_theory","tp_theory"
"mle","between","baseline",1.51290664712545,0.0505263157894737,0.8,15,0.240701754385965,30.4,15
"mle","scale_trend","baseline",0.36014630314354,0.0828070175438596,6.3,15,0.00210526315789474,0.2,4.9
"cap_max_s","between","baseline",1.47626512994984,0.0371929824561404,0.1,14.8,0.232982456140351,29.7,15
"cap_max_s","scale_trend","baseline",0.325096385511643,0.0729824561403509,3.7,15,0,0,3.7
"cap_50s","between","baseline",1.5293755659273,0.0508771929824561,0.5,14.8,0.246666666666667,32,15
"cap_50s","scale_trend","baseline",0.330471005584878,0.0771929824561404,5,15,0,0,4.8
"common_unit","between","baseline",1.46872083175325,0.0340350877192982,0.1,14.8,0.231578947368421,30,15
"common_unit","scale_trend","baseline",0.321814851283111,0.0645614035087719,3.4,15,0,0,4.9
"oracle","between","baseline",1.4929421602487,0.0410526315789474,0.2,14.8,0.235789473684211,29.8,15
"oracle","scale_trend","baseline",0.323503232029386,0.0624561403508772,3.3,15,0,0,4.7
"mle","between","generate_null",3.27870291987797,0.0255172413793103,0,0,0.505172413793103,131.8,10
"mle","scale_trend","generate_null",0.852983194804927,0.066551724137931,4.4,7,0.0186206896551724,1.4,3.1
"cap_max_s","between","generate_null",2.42666293897126,0.0241379310344828,0,0,0.429310344827586,101.7,10
"cap_max_s","scale_trend","generate_null",0.634031804765454,0.0617241379310345,2.2,8.5,0.00517241379310345,0,4.3
"cap_50s","between","generate_null",3.27479393619321,0.0258620689655172,0,0,0.505172413793103,131.7,10
"cap_50s","scale_trend","generate_null",0.746179811001117,0.06,1.9,6.9,0.0117241379310345,0.1,2.8
"common_unit","between","generate_null",2.40615885034997,0.0141379310344828,0,0,0.473793103448276,112,10
"common_unit","scale_trend","generate_null",0.689511515363352,0.0696551724137931,2.9,7.3,0.0103448275862069,0,4.1
"mle","between","low_count",2.95236586982521,0.00814814814814815,0,0,0.554814814814815,136.2,29.2
"mle","scale_trend","low_count",0.498692281852224,0.0633333333333333,4.7,12.1,0.00481481481481482,0.2,0.3
"cap_max_s","between","low_count",2.54151918473499,0.00259259259259259,0,0,0.5,115.3,28.9
"cap_max_s","scale_trend","low_count",0.377212063763876,0.0551851851851852,3,13.4,0,0,0
"cap_50s","between","low_count",3.19346000066244,0.00666666666666667,0,0,0.604814814814815,152.1,29.5
"cap_50s","scale_trend","low_count",0.513777985130414,0.0503703703703704,1.8,10.9,0.00185185185185185,0,0.1
"common_unit","between","low_count",3.21670549617964,0.000740740740740741,0,0,0.635925925925926,162.3,29.7
"common_unit","scale_trend","low_count",0.501775586508323,0.0507407407407407,1,11.4,0.00037037037037037,0,0.4
"oracle","between","low_count",3.07187598425601,0.00333333333333333,0,0,0.596666666666667,150.9,29.4
"oracle","scale_trend","low_count",0.463039448778689,0.0503703703703704,2.1,12.3,0.000740740740740741,0,0
"mle","between","minimal_design",1.40504939175846,0.0491228070175439,0.6,15,0.265964912280702,35.3,15
"mle","scale_trend","minimal_design",0.351449213136631,0.0656140350877193,3.2,15,0.00105263157894737,0.1,4.8
"cap_max_s","between","minimal_design",1.35836890008297,0.0442105263157895,0.2,15,0.258947368421053,29,15
"cap_max_s","scale_trend","minimal_design",0.305872673824121,0.0614035087719298,3.1,15,0,0,3.6
"cap_50s","between","minimal_design",1.41422462051653,0.0501754385964912,0.5,15,0.271929824561404,36.5,15
"cap_50s","scale_trend","minimal_design",0.317141013803026,0.0621052631578947,2.3,15,0,0,5.3
"common_unit","between","minimal_design",1.35713969981583,0.0428070175438596,0.2,15,0.259298245614035,29.4,15
"common_unit","scale_trend","minimal_design",0.314441837690444,0.0568421052631579,2.7,15,0,0,5.1
"oracle","between","minimal_design",1.38521134005766,0.0463157894736842,0.5,15,0.26280701754386,31.5,15
"oracle","scale_trend","minimal_design",0.309554539347227,0.0575438596491228,2.1,15,0,0,5.5
"mle","between","near_poisson",2.27830443339298,0.112280701754386,10.7,14.2,0.380350877192982,88.3,15
"mle","scale_trend","near_poisson",0.720157556566094,0.0817543859649123,7.4,13.6,0.0224561403508772,0.5,9.7
"cap_max_s","between","near_poisson",1.49903112966467,0.0519298245614035,1.4,15,0.29719298245614,48.8,15
"cap_max_s","scale_trend","near_poisson",0.30554179336751,0.0743859649122807,4.1,15,0,0,5
"cap_50s","between","near_poisson",1.52532550432637,0.0529824561403509,2.2,15,0.306666666666667,52.3,15
"cap_50s","scale_trend","near_poisson",0.310396812706773,0.0729824561403509,4.4,15,0.000350877192982456,0,4.6
"common_unit","between","near_poisson",1.48018554441999,0.047719298245614,1,15,0.294736842105263,46.8,15
"common_unit","scale_trend","near_poisson",0.310645450894289,0.0726315789473684,5.6,15,0,0,4.7
"oracle","between","near_poisson",1.60155072231231,0.0592982456140351,1.6,15,0.324561403508772,56.7,15
"oracle","scale_trend","near_poisson",0.329649929061213,0.0701754385964912,4.3,15,0,0,6.2
"mle","between","null",1.48605772779126,0.0466666666666667,0.2,0,0.185333333333333,10.2,0
"mle","scale_trend","null",0.344293509957777,0.0763333333333333,3.7,0,0.00133333333333333,0.1,0
"cap_max_s","between","null",1.46162286837981,0.038,0,0,0.194333333333333,6.5,0
"cap_max_s","scale_trend","null",0.313455485335825,0.0643333333333333,0.6,0,0,0,0
"cap_50s","between","null",1.50279631193369,0.0466666666666667,0,0,0.194333333333333,12.2,0
"cap_50s","scale_trend","null",0.318094580689468,0.071,1.9,0,0,0,0
"common_unit","between","null",1.4501883254128,0.034,0,0,0.188333333333333,6.2,0
"common_unit","scale_trend","null",0.314125975324275,0.0683333333333333,0.5,0,0,0,0
"oracle","between","null",1.47034465513364,0.0363333333333333,0,0,0.192333333333333,7,0
"oracle","scale_trend","null",0.314023261984768,0.066,0.9,0,0,0,0
"mle","between","strong_de",1.18344114283581,0.0568421052631579,1.8,8,0.972280701754386,276.9,15
"mle","scale_trend","strong_de",0.465021956171418,0.0807017543859649,8.7,15,0.00456140350877193,0.9,8.6
"cap_max_s","between","strong_de",1.10227067860606,0.0533333333333333,1.8,8.1,0.973684210526316,277.3,15
"cap_max_s","scale_trend","strong_de",0.284566248770301,0.0694736842105263,3.6,15,0,0,8.4
"cap_50s","between","strong_de",1.17193929672609,0.0547368421052632,1.4,8,0.972631578947368,277.1,15
"cap_50s","scale_trend","strong_de",0.354518704253546,0.0796491228070175,7.7,15,0,0,8.6
"common_unit","between","strong_de",1.07059649053722,0.06,2.1,8.1,0.974035087719298,277.6,15
"common_unit","scale_trend","strong_de",0.287547143870878,0.063859649122807,3.2,15,0,0,8.7
"oracle","between","strong_de",1.1052266753651,0.06,1.6,8,0.974736842105263,277.4,15
"oracle","scale_trend","strong_de",0.337968992904851,0.0736842105263158,4,15,0,0,8.6
"mle","between","trend",2.07331823115254,0.0981481481481482,14.3,18.6,0.245185185185185,41.3,28.3
"mle","scale_trend","trend",0.405210122738848,0.0648148148148148,5.9,19.9,0.00703703703703704,0.2,0.2
"cap_max_s","between","trend",1.89924545916332,0.0151851851851852,0,3.4,0.335185185185185,59.2,28.1
"cap_max_s","scale_trend","trend",0.347601526177065,0.0548148148148148,2.1,22.5,0,0,0.2
"cap_50s","between","trend",2.23094911919197,0.0396296296296296,0.2,1.8,0.374814814814815,74.9,29.2
"cap_50s","scale_trend","trend",0.373886028947287,0.06,4.4,23.6,0,0,0.3
"common_unit","between","trend",1.88185589861048,0.0155555555555556,0,3.5,0.337037037037037,59.1,28.5
"common_unit","scale_trend","trend",0.330103181003832,0.0496296296296296,2.1,22,0,0,0
"oracle","between","trend",2.18528777221416,0.0277777777777778,0,1,0.381481481481481,78.4,29.6
"oracle","scale_trend","trend",0.363146632943796,0.0537037037037037,2.6,22.6,0,0,0.1
"mle","between","weak_de",1.5528406330393,0.0340740740740741,0.5,3.5,0.202592592592593,25.3,26.9
"mle","scale_trend","weak_de",0.388509702412505,0.0618518518518519,4.3,18.5,0.00296296296296296,0.2,0
"cap_max_s","between","weak_de",1.48557801486916,0.0248148148148148,0.2,2.8,0.197407407407407,22.7,27.3
"cap_max_s","scale_trend","weak_de",0.334134145850299,0.0592592592592593,3.3,19.4,0.00037037037037037,0,0
"cap_50s","between","weak_de",1.55821547828353,0.032962962962963,0.5,3.5,0.205925925925926,25.7,26.9
"cap_50s","scale_trend","weak_de",0.345001667292006,0.0562962962962963,2.8,18.3,0,0,0
"common_unit","between","weak_de",1.47978212573517,0.0251851851851852,0.1,2.6,0.195925925925926,21.2,27.2
"common_unit","scale_trend","weak_de",0.331953162178471,0.0548148148148148,2.2,17,0,0,0
"oracle","between","weak_de",1.50646454688462,0.0277777777777778,0.2,4.2,0.202222222222222,23,27
"oracle","scale_trend","weak_de",0.334004878201831,0.0603703703703704,2.6,18.4,0,0,0
"mle","between","wide_rate",1.74358689113447,0.0803703703703704,6.4,7.1,0.198518518518519,30.7,25.6
"mle","scale_trend","wide_rate",0.344134811954148,0.0596296296296296,3.4,14,0.00148148148148148,0,0.1
"cap_max_s","between","wide_rate",1.522344513906,0.0166666666666667,0.1,2.2,0.206296296296296,20.2,27.8
"cap_max_s","scale_trend","wide_rate",0.331624996432482,0.0548148148148148,2.7,18.4,0,0,0
"cap_50s","between","wide_rate",1.78392028008246,0.0344444444444444,0,1.5,0.27037037037037,43.4,27.5
"cap_50s","scale_trend","wide_rate",0.370605873952359,0.0548148148148148,2,16.5,0.00037037037037037,0,0
"common_unit","between","wide_rate",1.50075152517495,0.0174074074074074,0,2.5,0.20037037037037,18.2,27.8
"common_unit","scale_trend","wide_rate",0.329796401382634,0.0518518518518519,3.6,18.4,0,0,0
"oracle","between","wide_rate",1.86455975689831,0.0414814814814815,0.2,2.6,0.282222222222222,48.4,27.6
"oracle","scale_trend","wide_rate",0.352303695133221,0.047037037037037,2,17.3,0,0,0
