"candidate","regime","spearman","median_ratio","median_abs_log_error","frac_within_2fold"
"mle","baseline",0.773912452199738,1.12968827964769,0.227238408317842,0.890333333333333
"eb_map","baseline",0.77371244998313,1.09394731032681,0.180937772413153,0.987666666666667
"eb_trigamma","baseline",0.773769161724372,1.09639502788251,0.182760896735701,0.987666666666667
"profile_lower_90","baseline",0.771900518715197,0.730266532253139,0.323986771393175,0.913
"eb_trend_trigamma","baseline",0.772920463391025,1.095122858378,0.183662447164485,0.988666666666667
"cap_max_s","baseline",0.0808182098758939,0.574689881190065,0.555946401752497,0.594666666666667
"eb_trend","baseline",0.772660193832474,1.09505074835802,0.182954164506071,0.989
"common_unit","baseline",-0.0256310548118234,1.11629919947275,0.343661910275484,0.936666666666667
"master","baseline",0.0799382445352419,0.574045107923676,0.557406353298594,0.593666666666667
"cap_10s","baseline",0.772517100634156,1.12968827964769,0.227227576353034,0.949
"mle","low_count",0.642389848776098,1.41116820256146,0.39340887234763,0.719666666666667
"eb_trigamma","low_count",0.645653973933044,1.31636630095188,0.308595861865321,0.883666666666667
"eb_map","low_count",0.645747086078734,1.30560019017976,0.294719799355821,0.894333333333333
"eb_trend","low_count",0.635784308714541,1.32111908087328,0.303282367460204,0.886666666666667
"profile_lower_90","low_count",0.636579073100812,0.730539242733285,0.364731107517923,0.829666666666667
"common_unit","low_count",-0.0305359837331526,1.33946705337351,0.355997943459457,0.794
"eb_trend_trigamma","low_count",0.639232524805831,1.33025743912465,0.316252628038082,0.872333333333333
"master","low_count",0.0218942432693697,0.594538711241126,0.541004187773964,0.598333333333333
"cap_max_s","low_count",0.0221300681118679,0.59476070141122,0.5407910393893,0.598666666666667
"cap_10s","low_count",0.636009898979501,1.34881908457637,0.34816046440058,0.841333333333333
"cap_max_s","minimal_design",0.0027035855953955,0.408968928493832,0.894116095277894,0.358
"eb_map","minimal_design",0.790856565072945,1.00622795153617,0.173869961501907,0.995333333333333
"profile_lower_90","minimal_design",0.79113683485372,0.679496355435103,0.388831650875746,0.856333333333333
"master","minimal_design",0.00112236802631141,0.408666074564827,0.894856900017717,0.357
"mle","minimal_design",0.790849631662574,1.03723229299846,0.21579564409072,0.922666666666667
"cap_10s","minimal_design",0.790436909294411,1.03723229299846,0.21579564409072,0.973666666666667
"common_unit","minimal_design",-0.0167757635972507,1.00545250439725,0.343342955798572,0.971
"mle","near_poisson",0.0756091292674814,2.07600325965463,3.84231371726943,0.07
"profile_lower_90","near_poisson",0.0812591479282258,0.0463162682170762,3.07226201422469,0.00166666666666667
"eb_trend","near_poisson",0.0692332586319063,0.120794296966808,2.11366620513555,0.0483333333333333
"common_unit","near_poisson",0.00406793405358035,0.110930955776727,2.198847291234,0.027
"eb_map","near_poisson",0.0817970205593833,0.120549587179578,2.1156940988355,0.0463333333333333
"eb_trend_trigamma","near_poisson",0.0752515033031486,0.12882989915675,2.04926235594118,0.0753333333333333
"cap_max_s","near_poisson",-0.01281952054639,0.00990407947697942,4.61480853833669,0
"cap_10s","near_poisson",0.0285528032039385,0.0418915720926906,3.17267061565863,0
"eb_trigamma","near_poisson",0.0816042406456633,0.128730129963733,2.05003708172723,0.0723333333333333
"master","near_poisson",-0.0129316106748679,0.00988670641055126,4.61656421100067,0
"eb_trend","null",0.770649437470786,1.09543491036662,0.184343855919894,0.987333333333333
"mle","null",0.771418490478997,1.14100248659027,0.229411505465301,0.892333333333333
"eb_trigamma","null",0.770858217586094,1.0933850239049,0.183908848467453,0.985
"common_unit","null",-0.0182615140074989,1.10258442939846,0.340664821623514,0.927333333333333
"profile_lower_90","null",0.7695669587374,0.724898673921044,0.333072322432487,0.914
"eb_map","null",0.770808883704606,1.0927909619449,0.182050933517777,0.987333333333333
"cap_max_s","null",0.0502366023616973,0.57586011701057,0.555996124777541,0.596333333333333
"eb_trend_trigamma","null",0.770809039244139,1.0968185983029,0.186505565641995,0.986
"cap_10s","null",0.770728609461695,1.14100248659027,0.228512410915896,0.955333333333333
"master","null",0.0495277055885726,0.57493774749956,0.557255309589438,0.595666666666667
"mle","strong_de",0.764920454671719,1.16211922527958,0.238885910502369,0.882333333333333
"profile_lower_90","strong_de",0.761586817631307,0.744106698195544,0.311812402780675,0.909
"cap_10s","strong_de",0.764715990708707,1.16211922527958,0.236867461753399,0.949333333333333
"master","strong_de",0.122517272414138,0.648940714082465,0.441901064133679,0.684333333333333
"eb_map","strong_de",0.763929288103201,1.11607647122924,0.193368226786653,0.981333333333333
"common_unit","strong_de",-0.0028850087756115,1.13704960204623,0.34794192475994,0.922333333333333
"cap_max_s","strong_de",0.124000400004444,0.650410820438764,0.440477678935727,0.686666666666667
"profile_lower_90","trend",0.810260709304753,0.618210310595214,0.493630790964448,0.626333333333333
"eb_trend_trigamma","trend",0.947289790674307,1.10211410847543,0.209368272447778,0.969333333333333
"eb_trigamma","trend",0.835712970571284,1.01905582692357,0.303222872114665,0.848666666666667
"mle","trend",0.844617780843944,1.20711894522408,0.384944543972802,0.69
"eb_trend","trend",0.950096933189691,1.09690264433093,0.205185506261136,0.973333333333333
"eb_map","trend",0.834415045022955,1.00084866759624,0.304833252479282,0.846
"cap_10s","trend",0.820837840317631,0.867617805555705,0.344039994741151,0.754333333333333
"cap_max_s","trend",-0.0162636936482615,0.272867110701692,1.29877037629657,0.330666666666667
"common_unit","trend",-0.00169288517384652,0.866474230555647,0.821681313365976,0.424333333333333
"master","trend",-0.0150564802179688,0.272723447594599,1.29929700971509,0.330666666666667
"mle","weak_de",0.77922585806509,1.12692508751113,0.228924173599598,0.894666666666667
"eb_trend","weak_de",0.778637140412671,1.08151555379885,0.176775621441314,0.989333333333333
"profile_lower_90","weak_de",0.775657907310081,0.724460364818874,0.336488080455766,0.910666666666667
"common_unit","weak_de",0.00449640570329018,1.09549764350581,0.35185347949542,0.927666666666667
"cap_max_s","weak_de",0.022103934488161,0.55086474106263,0.59750688664111,0.564666666666667
"eb_trigamma","weak_de",0.778869054100601,1.0838140818358,0.178084823305552,0.987666666666667
"cap_10s","weak_de",0.778579994290518,1.12692508751113,0.228335293447534,0.953
"master","weak_de",0.0211329014766831,0.550091765052759,0.599447558883764,0.563666666666667
"eb_trend_trigamma","weak_de",0.778644029378104,1.08352442200248,0.179618533080441,0.987333333333333
"eb_map","weak_de",0.778844076045289,1.08118875720856,0.176314879960164,0.989
"eb_trend","wide_rate",0.87935070389671,0.933534346234632,0.371608936557465,0.676666666666667
"profile_lower_90","wide_rate",0.879296303292259,0.555991291141523,0.591490753206672,0.533333333333333
"cap_10s","wide_rate",0.859804380581052,0.776619256512263,0.444998684216958,0.595333333333333
"mle","wide_rate",0.878286692074356,1.11845880728824,0.426997442478112,0.598
"eb_trend_trigamma","wide_rate",0.879305281169791,0.936359355601158,0.369567299564831,0.677333333333333
"eb_map","wide_rate",0.879590528783653,0.934394935867904,0.373819758757628,0.675333333333333
"eb_trigamma","wide_rate",0.879574706385627,0.937523140056187,0.369918628662401,0.676333333333333
"cap_max_s","wide_rate",0.457373837487083,0.222355786218491,1.50347653934405,0.361
"common_unit","wide_rate",-0.0292864157214303,0.677584937833153,1.44727521021558,0.249333333333333
"master","wide_rate",0.456833253702819,0.222136009271746,1.5044654303287,0.360666666666667
