"candidate","regime","fp","fp_se","tp","prior_var","sampling_var","slope"
"eb_map","baseline",1.8,0.466666666666667,15,0.25,0.0953632141198755,0
"eb_trend","baseline",1.8,0.466666666666667,15,0.25,0.0953632141198755,-0.0427446786158734
"eb_trigamma","baseline",1.8,0.466666666666667,15,0.271920451758551,0.00338409152508421,0
"eb_trend_trigamma","baseline",1.8,0.466666666666667,15,0.266816884778013,0.00338409152508421,-0.0427446786158734
"eb_map","generate_null",0.3,0.152752523165195,8.2,6.19747194048587,0.0271651367222096,0
"eb_trend","generate_null",0.3,0.152752523165195,8.2,6.81488109178885,0.0271651367222096,-0.283001001022156
"eb_trigamma","generate_null",0.3,0.152752523165195,8.2,6.22125298568299,0.00338409152508421,0
"eb_trend_trigamma","generate_null",0.3,0.152752523165195,8.2,6.83866213698598,0.00338409152508421,-0.283001001022156
"eb_map","low_count",0.3,0.152752523165195,11.2,0.25,0.223992781073713,0
"eb_trend","low_count",0.3,0.152752523165195,11.3,0.25,0.223992781073713,-0.100494394057602
"eb_trigamma","low_count",0.5,0.223606797749979,11.4,0.344254490680053,0.00338409152508421,0
"eb_trend_trigamma","low_count",0.6,0.266666666666667,11.3,0.361720674019319,0.00338409152508421,-0.100494394057602
"eb_map","near_poisson",1.9,0.795124029458438,15,0.25,2.11608164116907,0
"eb_trend","near_poisson",1.9,0.795124029458438,15,0.25,2.11608164116907,-0.091614487029463
"eb_trigamma","near_poisson",1.9,0.706320670013903,15,0.668969060170317,0.00338409152508421,0
"eb_trend_trigamma","near_poisson",2,0.683130051063973,15,0.662370414643011,0.00338409152508421,-0.091614487029463
"eb_map","null",0.2,0.133333333333333,0,0.251405896520246,0.0965429651612679,0
"eb_trend","null",0.2,0.133333333333333,0,0.252085947948384,0.0965429651612679,0.013215595774655
"eb_trigamma","null",0.2,0.133333333333333,0,0.281852419531453,0.00338409152508421,0
"eb_trend_trigamma","null",0.2,0.133333333333333,0,0.282340280835762,0.00338409152508421,0.013215595774655
"eb_map","trend",1,0.258198889747161,22.7,0.952402942652116,0.238147828995133,0
"eb_trend","trend",1.6,0.6,24.3,0.25,0.238147828995133,-0.759423133402504
"eb_trigamma","trend",1,0.258198889747161,23,1.18716668012216,0.00338409152508421,0
"eb_trend_trigamma","trend",1.6,0.6,24.3,0.286823626481772,0.00338409152508421,-0.759423133402504
"eb_map","weak_de",1.2,0.416333199893227,17.4,0.262712694378854,0.0955941083530813,0
"eb_trend","weak_de",1.1,0.433333333333333,17.3,0.262611144318681,0.0955941083530813,0.00756171495193862
"eb_trigamma","weak_de",1.1,0.406885187191123,17.4,0.295249020636409,0.00338409152508421,0
"eb_trend_trigamma","weak_de",1.1,0.406885187191123,17.3,0.291889957225288,0.00338409152508421,0.00756171495193862
"eb_map","wide_rate",1.7,0.422952584681651,17.9,2.75461467572185,0.1913948740781,0
"eb_trend","wide_rate",1.7,0.422952584681651,17.9,2.76812450515223,0.1913948740781,-0.019077226438411
"eb_trigamma","wide_rate",1.7,0.422952584681651,17.9,2.94262545827486,0.00338409152508421,0
"eb_trend_trigamma","wide_rate",1.7,0.422952584681651,17.9,2.95613528770525,0.00338409152508421,-0.019077226438411
