"regime","rep","status","message","seconds","num_warnings","warnings","null_mean","null_sd","method","num_nonfinite_z","version"
"baseline",1,"ok","",2.33710598945618,0,"",-0.167450644681265,0.318576245720988,"locfdr",0,"devel"
"baseline",2,"ok","",2.54622292518616,1,"locfdr could not estimate the empirical null; using the `truncated_mle` estimator instead (null_mean = -0.2455, null_sd = 0.4106). This usually means too few genes for locfdr's spline fit",-0.245509395941929,0.4105643756494,"truncated_mle",0,"devel"
"baseline",3,"ok","",2.27905893325806,0,"",-0.196397958505052,0.325859445453807,"locfdr",0,"devel"
"baseline",4,"ok","",3.42673397064209,0,"",-0.1709829034587,0.326057744771031,"locfdr",0,"devel"
"baseline",5,"ok","",2.27942705154419,1,"locfdr could not estimate the empirical null; using the `truncated_mle` estimator instead (null_mean = -0.2027, null_sd = 0.3333). This usually means too few genes for locfdr's spline fit",-0.202703763806954,0.333291284310542,"truncated_mle",0,"devel"
"baseline",6,"ok","",2.30042219161987,0,"",-0.146912662002751,0.289493553541847,"locfdr",0,"devel"
"baseline",7,"ok","",2.27884006500244,0,"",-0.103241775120882,0.30813457626116,"locfdr",0,"devel"
"baseline",8,"ok","",2.39870405197144,0,"",-0.0671940875326814,0.371712375635951,"locfdr",0,"devel"
"baseline",9,"ok","",2.10277795791626,1,"locfdr could not estimate the empirical null; using the `truncated_mle` estimator instead (null_mean = -0.1236, null_sd = 0.3415). This usually means too few genes for locfdr's spline fit",-0.123562870558454,0.341456302491293,"truncated_mle",0,"devel"
"baseline",10,"ok","",2.55001902580261,0,"",-0.156040563568413,0.330813915434251,"locfdr",0,"devel"
"generate_null",1,"ok","",4.56821203231812,0,"",0.0526700877820968,0.761586854530074,"locfdr",0,"devel"
"generate_null",2,"ok","",4.51102519035339,0,"",0.064368085203407,0.738018095902357,"locfdr",0,"devel"
"generate_null",3,"ok","",4.71086382865906,0,"",0.0304677048548568,0.702255844597468,"locfdr",0,"devel"
"generate_null",4,"ok","",4.89048409461975,0,"",-0.0884547539470443,0.756642954799049,"locfdr",0,"devel"
"generate_null",5,"ok","",4.569983959198,0,"",0.00212792914106837,0.789200900154036,"locfdr",0,"devel"
"generate_null",6,"ok","",4.60482096672058,0,"",0.122245013466167,0.778730982962246,"locfdr",0,"devel"
"generate_null",7,"ok","",4.60795998573303,0,"",-0.0174841812823485,0.729974761192479,"locfdr",0,"devel"
"generate_null",8,"ok","",4.68646502494812,0,"",0.0167299292886365,0.779192024803799,"locfdr",0,"devel"
"generate_null",9,"ok","",4.46320009231567,0,"",0.0501640098208143,0.736301577581485,"locfdr",0,"devel"
"generate_null",10,"ok","",4.62423205375671,0,"",0.0243209072136878,0.757091761432184,"locfdr",0,"devel"
"minimal_design",1,"ok","",2.76782989501953,0,"",-0.197907318683424,0.306627058266584,"locfdr",0,"devel"
"minimal_design",2,"ok","",2.26353001594543,0,"",-0.264893143551885,0.322791631177556,"locfdr",0,"devel"
"minimal_design",3,"ok","",2.28287196159363,0,"",-0.18439181948682,0.2880037953499,"locfdr",0,"devel"
"minimal_design",4,"ok","",2.38157486915588,1,"locfdr could not estimate the empirical null; using the `truncated_mle` estimator instead (null_mean = -0.2485, null_sd = 0.3241). This usually means too few genes for locfdr's spline fit",-0.248519209348734,0.324082472664585,"truncated_mle",0,"devel"
"minimal_design",5,"ok","",2.44804906845093,0,"",-0.269675534893783,0.309757687753951,"locfdr",0,"devel"
"minimal_design",6,"ok","",2.22463011741638,0,"",-0.212469284011329,0.318160772153517,"locfdr",0,"devel"
"minimal_design",7,"ok","",2.50180196762085,1,"locfdr could not estimate the empirical null; using the `truncated_mle` estimator instead (null_mean = -0.2527, null_sd = 0.3495). This usually means too few genes for locfdr's spline fit",-0.252740956918677,0.349472579323733,"truncated_mle",0,"devel"
"minimal_design",8,"ok","",2.41769289970398,0,"",-0.211794884785919,0.314707798720579,"locfdr",0,"devel"
"minimal_design",9,"ok","",2.37221598625183,0,"",-0.194271853358895,0.29612929574024,"locfdr",0,"devel"
"minimal_design",10,"ok","",2.37275290489197,0,"",-0.180412366582544,0.339018027929563,"locfdr",0,"devel"
"near_poisson",1,"ok","",3.45623111724854,1,"locfdr could not estimate the empirical null; using the `truncated_mle` estimator instead (null_mean = -0.6774, null_sd = 1.604). This usually means too few genes for locfdr's spline fit",-0.677435410322595,1.60432413376423,"truncated_mle",0,"devel"
"near_poisson",2,"ok","",2.51872682571411,0,"",-0.207961479270619,0.476428955876224,"locfdr",0,"devel"
"near_poisson",3,"ok","",2.55448913574219,1,"locfdr could not estimate the empirical null; using the `truncated_mle` estimator instead (null_mean = -0.5821, null_sd = 1.46). This usually means too few genes for locfdr's spline fit",-0.582140305109569,1.4597250804371,"truncated_mle",0,"devel"
"near_poisson",4,"ok","",2.57890605926514,0,"",-0.432963377591147,0.847933956684351,"locfdr",0,"devel"
"near_poisson",5,"ok","",2.6883659362793,0,"",-0.156184193950587,0.346334281882386,"locfdr",0,"devel"
"near_poisson",6,"ok","",2.41879296302795,0,"",-0.487174694945107,1.03780266436211,"locfdr",0,"devel"
"near_poisson",7,"ok","",2.78374814987183,0,"",-0.469467694460337,0.733131843150178,"locfdr",0,"devel"
"near_poisson",8,"ok","",2.2489058971405,0,"",-0.106253779569914,0.337671444660785,"locfdr",0,"devel"
"near_poisson",9,"ok","",2.27585911750793,0,"",-0.127453556699397,0.312106920804697,"locfdr",0,"devel"
"near_poisson",10,"ok","",2.2856330871582,0,"",-0.391562382468564,0.763003209712678,"locfdr",0,"devel"
"null",1,"ok","",2.11130714416504,1,"locfdr could not estimate the empirical null; using the `truncated_mle` estimator instead (null_mean = 0.04305, null_sd = 0.3113). This usually means too few genes for locfdr's spline fit",0.0430511171597789,0.311333456063662,"truncated_mle",0,"devel"
"null",2,"ok","",2.28052806854248,0,"",0.0409837169100254,0.305787438198956,"locfdr",0,"devel"
"null",3,"ok","",2.33014893531799,0,"",0.0279418567234298,0.299975714420457,"locfdr",0,"devel"
"null",4,"ok","",2.28946805000305,1,"locfdr could not estimate the empirical null; using the `truncated_mle` estimator instead (null_mean = -0.0386, null_sd = 0.3318). This usually means too few genes for locfdr's spline fit",-0.0386000212052354,0.331809923442727,"truncated_mle",0,"devel"
"null",5,"ok","",2.13144397735596,0,"",0.0563037560814737,0.301394273821709,"locfdr",0,"devel"
"null",6,"ok","",2.06415104866028,0,"",-0.07333571804164,0.306381974893345,"locfdr",0,"devel"
"null",7,"ok","",2.09893703460693,1,"locfdr could not estimate the empirical null; using the `truncated_mle` estimator instead (null_mean = -0.01471, null_sd = 0.3211). This usually means too few genes for locfdr's spline fit",-0.014711692755202,0.321055778916144,"truncated_mle",0,"devel"
"null",8,"ok","",2.24600696563721,0,"",0.0163354417144538,0.301581574260252,"locfdr",0,"devel"
"null",9,"ok","",2.33198595046997,1,"locfdr could not estimate the empirical null; using the `truncated_mle` estimator instead (null_mean = -0.1028, null_sd = 0.327). This usually means too few genes for locfdr's spline fit",-0.102831117847858,0.327042257962435,"truncated_mle",0,"devel"
"null",10,"ok","",2.35043120384216,1,"locfdr could not estimate the empirical null; using the `truncated_mle` estimator instead (null_mean = -0.0006527, null_sd = 0.3244). This usually means too few genes for locfdr's spline fit",-0.000652683734545729,0.324391294856833,"truncated_mle",0,"devel"
"strong_de",1,"ok","",2.42571997642517,1,"locfdr could not estimate the empirical null; using the `truncated_mle` estimator instead (null_mean = -1.14, null_sd = 0.4186). This usually means too few genes for locfdr's spline fit",-1.14044155026923,0.418617416982067,"truncated_mle",0,"devel"
"strong_de",2,"ok","",2.24808096885681,1,"locfdr could not estimate the empirical null; using the `truncated_mle` estimator instead (null_mean = -1.224, null_sd = 0.5442). This usually means too few genes for locfdr's spline fit",-1.224099309783,0.544205443719819,"truncated_mle",0,"devel"
"strong_de",3,"ok","",2.82250595092773,1,"locfdr could not estimate the empirical null; using the `truncated_mle` estimator instead (null_mean = -1.33, null_sd = 0.4563). This usually means too few genes for locfdr's spline fit",-1.32974324966632,0.456258695576058,"truncated_mle",0,"devel"
"strong_de",4,"ok","",2.33552193641663,0,"",-0.94930593208016,0.408143955472477,"locfdr",0,"devel"
"strong_de",5,"ok","",2.47300910949707,1,"locfdr could not estimate the empirical null; using the `truncated_mle` estimator instead (null_mean = -1.431, null_sd = 0.5562). This usually means too few genes for locfdr's spline fit",-1.43144839337839,0.556192245108988,"truncated_mle",0,"devel"
"strong_de",6,"ok","",2.20484113693237,1,"locfdr could not estimate the empirical null; using the `truncated_mle` estimator instead (null_mean = -1.298, null_sd = 0.5096). This usually means too few genes for locfdr's spline fit",-1.29793849084208,0.509603545202598,"truncated_mle",0,"devel"
"strong_de",7,"ok","",2.56381893157959,0,"",-1.174871287533,0.423583753816368,"locfdr",0,"devel"
"strong_de",8,"ok","",2.39684414863586,0,"",-1.27121677275029,0.470423641618478,"locfdr",0,"devel"
"strong_de",9,"ok","",2.17703795433044,0,"",-1.28795506139956,0.419919079710509,"locfdr",0,"devel"
"strong_de",10,"ok","",2.19634103775024,1,"locfdr could not estimate the empirical null; using the `truncated_mle` estimator instead (null_mean = -1.68, null_sd = 0.5905). This usually means too few genes for locfdr's spline fit",-1.67952181632677,0.590533097899099,"truncated_mle",0,"devel"
