"case","description","outcome","error","warnings","num_nonfinite_teststat","num_nonfinite_p","num_sig","method","null_mean","null_sd","metric_name","metric_value","version"
"reference","Unperturbed cohort (reference)","silent","","",0,0,10,NA,-0.21346183350271,0.341369519445166,"",NA,"master"
"determinism","Same data, fitted after set.seed(1) and after set.seed(2)","silent","","",0,0,10,NA,-0.213461833503048,0.341369519445204,"max |diff| in Welch statistic between the two fits",4.40003589119442e-12,"master"
"sparse_input","Same counts as a dgCMatrix","silent","","",0,0,10,NA,-0.213461833503431,0.341369519444888,"max |diff| in Welch statistic vs dense reference",2.05737094027825e-11,"master"
"sparse_na","One NA among the nonzero entries of a dgCMatrix","error","initialize_esvd: missing value where TRUE/FALSE needed","",NA,NA,NA,NA,NA,NA,"",NA,"master"
"all_zero_gene","Two genes are all-zero","warning","","from glmnet C++ code (error code -1); Convergence for 1th lambda value not reached after maxit=100000 iterations; solutions for larger lambdas returned || an empty model has been returned; probably a convergence issue",0,0,9,NA,-0.200804692592911,0.351414287257173,"",NA,"master"
"collinear_covariate","A covariate column duplicated (Age twice)","error","opt_esvd (first): missing value where TRUE/FALSE needed","line search failed, returning the initial x",NA,NA,NA,NA,NA,NA,"",NA,"master"
"confounded_design","Sex identical to case-control status","error","opt_esvd (first): missing value where TRUE/FALSE needed","line search failed, returning the initial x",NA,NA,NA,NA,NA,NA,"",NA,"master"
"few_genes","Only 30 genes","silent","","",0,0,30,NA,-147.261828843107,20.2071586779798,"",NA,"master"
"extreme_de","5 genes up-regulated by exp(4), nearly Poisson","silent","","",0,0,5,NA,-2.00161612372151,0.413204708611942,"largest Gaussian statistic",5.03583957564757,"master"
"one_case_individual","The case arm has a single individual","error","compute_pvalue: missing values and NaN's not allowed if 'na.rm' is FALSE","NaNs produced",NA,NA,NA,NA,NA,NA,"",NA,"master"
"two_cell_individual","One control individual has only 2 cells","silent","","",0,0,10,NA,-0.204860432351738,0.408977761585945,"",NA,"master"
"individual_in_both_arms","Half of one individual's cells labelled case, half control","error","compute_test_statistic: length(intersect(control_individuals, case_individuals)) == 0 is not TRUE","",NA,NA,NA,NA,NA,NA,"",NA,"master"
